,Epoch,accuracy,programme,libelle,id
0,1,0.1396859288215637,Modele_IMG_Reseau_images_undersampling,undersampling max 2400,UNDER01
1,2,0.1868736892938614,Modele_IMG_Reseau_images_undersampling,undersampling max 2400,UNDER01
2,3,0.2059517502784729,Modele_IMG_Reseau_images_undersampling,undersampling max 2400,UNDER01
3,4,0.2209960222244262,Modele_IMG_Reseau_images_undersampling,undersampling max 2400,UNDER01
4,5,0.2345942109823227,Modele_IMG_Reseau_images_undersampling,undersampling max 2400,UNDER01
5,6,0.244209349155426,Modele_IMG_Reseau_images_undersampling,undersampling max 2400,UNDER01
6,7,0.2506279051303863,Modele_IMG_Reseau_images_undersampling,undersampling max 2400,UNDER01
7,8,0.2589238286018371,Modele_IMG_Reseau_images_undersampling,undersampling max 2400,UNDER01
8,9,0.2653169929981231,Modele_IMG_Reseau_images_undersampling,undersampling max 2400,UNDER01
9,10,0.2707968652248382,Modele_IMG_Reseau_images_undersampling,undersampling max 2400,UNDER01
10,11,0.2754141688346863,Modele_IMG_Reseau_images_undersampling,undersampling max 2400,UNDER01
11,12,0.282999724149704,Modele_IMG_Reseau_images_undersampling,undersampling max 2400,UNDER01
12,13,0.2860694527626037,Modele_IMG_Reseau_images_undersampling,undersampling max 2400,UNDER01
13,14,0.2890377342700958,Modele_IMG_Reseau_images_undersampling,undersampling max 2400,UNDER01
14,15,0.2962934672832489,Modele_IMG_Reseau_images_undersampling,undersampling max 2400,UNDER01
15,16,0.3005048632621765,Modele_IMG_Reseau_images_undersampling,undersampling max 2400,UNDER01
16,17,0.3050460517406463,Modele_IMG_Reseau_images_undersampling,undersampling max 2400,UNDER01
17,18,0.3075069189071655,Modele_IMG_Reseau_images_undersampling,undersampling max 2400,UNDER01
18,19,0.315777450799942,Modele_IMG_Reseau_images_undersampling,undersampling max 2400,UNDER01
19,20,0.3151685893535614,Modele_IMG_Reseau_images_undersampling,undersampling max 2400,UNDER01
20,21,0.3215110301971435,Modele_IMG_Reseau_images_undersampling,undersampling max 2400,UNDER01
21,22,0.3252911269664764,Modele_IMG_Reseau_images_undersampling,undersampling max 2400,UNDER01
22,23,0.3301367461681366,Modele_IMG_Reseau_images_undersampling,undersampling max 2400,UNDER01
23,24,0.331278383731842,Modele_IMG_Reseau_images_undersampling,undersampling max 2400,UNDER01
24,25,0.3355405032634735,Modele_IMG_Reseau_images_undersampling,undersampling max 2400,UNDER01
25,26,0.3410203754901886,Modele_IMG_Reseau_images_undersampling,undersampling max 2400,UNDER01
26,27,0.3410457372665405,Modele_IMG_Reseau_images_undersampling,undersampling max 2400,UNDER01
27,28,0.3459928333759308,Modele_IMG_Reseau_images_undersampling,undersampling max 2400,UNDER01
28,29,0.3513458669185638,Modele_IMG_Reseau_images_undersampling,undersampling max 2400,UNDER01
29,30,0.3575614690780639,Modele_IMG_Reseau_images_undersampling,undersampling max 2400,UNDER01
30,31,0.3592104911804199,Modele_IMG_Reseau_images_undersampling,undersampling max 2400,UNDER01
31,32,0.3621280193328857,Modele_IMG_Reseau_images_undersampling,undersampling max 2400,UNDER01
32,33,0.3666438460350036,Modele_IMG_Reseau_images_undersampling,undersampling max 2400,UNDER01
33,34,0.3698404133319855,Modele_IMG_Reseau_images_undersampling,undersampling max 2400,UNDER01
34,35,0.3753202855587005,Modele_IMG_Reseau_images_undersampling,undersampling max 2400,UNDER01
35,36,0.3747875392436981,Modele_IMG_Reseau_images_undersampling,undersampling max 2400,UNDER01
36,37,0.3813582956790924,Modele_IMG_Reseau_images_undersampling,undersampling max 2400,UNDER01
37,38,0.3839206397533417,Modele_IMG_Reseau_images_undersampling,undersampling max 2400,UNDER01
38,39,0.387193351984024,Modele_IMG_Reseau_images_undersampling,undersampling max 2400,UNDER01
39,40,0.3940178155899048,Modele_IMG_Reseau_images_undersampling,undersampling max 2400,UNDER01
40,1,0.0839330330491066,IMG_Reseau_images_undersampling_ecretage,undersampling max 764,UNDER03
41,2,0.129081130027771,IMG_Reseau_images_undersampling_ecretage,undersampling max 764,UNDER03
42,3,0.1480190902948379,IMG_Reseau_images_undersampling_ecretage,undersampling max 764,UNDER03
43,4,0.1611241549253463,IMG_Reseau_images_undersampling_ecretage,undersampling max 764,UNDER03
44,5,0.176804780960083,IMG_Reseau_images_undersampling_ecretage,undersampling max 764,UNDER03
45,6,0.187107041478157,IMG_Reseau_images_undersampling_ecretage,undersampling max 764,UNDER03
46,7,0.1948337256908416,IMG_Reseau_images_undersampling_ecretage,undersampling max 764,UNDER03
47,8,0.2012726366519928,IMG_Reseau_images_undersampling_ecretage,undersampling max 764,UNDER03
48,9,0.2064237594604492,IMG_Reseau_images_undersampling_ecretage,undersampling max 764,UNDER03
49,10,0.2136959284543991,IMG_Reseau_images_undersampling_ecretage,undersampling max 764,UNDER03
50,11,0.2195288240909576,IMG_Reseau_images_undersampling_ecretage,undersampling max 764,UNDER03
51,12,0.2289220541715622,IMG_Reseau_images_undersampling_ecretage,undersampling max 764,UNDER03
52,13,0.2293008118867874,IMG_Reseau_images_undersampling_ecretage,undersampling max 764,UNDER03
53,14,0.2373305112123489,IMG_Reseau_images_undersampling_ecretage,undersampling max 764,UNDER03
54,15,0.239224299788475,IMG_Reseau_images_undersampling_ecretage,undersampling max 764,UNDER03
55,16,0.2470267415046692,IMG_Reseau_images_undersampling_ecretage,undersampling max 764,UNDER03
56,17,0.25020831823349,IMG_Reseau_images_undersampling_ecretage,undersampling max 764,UNDER03
57,18,0.2541474103927612,IMG_Reseau_images_undersampling_ecretage,undersampling max 764,UNDER03
58,19,0.257328987121582,IMG_Reseau_images_undersampling_ecretage,undersampling max 764,UNDER03
59,20,0.2629346251487732,IMG_Reseau_images_undersampling_ecretage,undersampling max 764,UNDER03
60,21,0.2715703248977661,IMG_Reseau_images_undersampling_ecretage,undersampling max 764,UNDER03
61,22,0.2735398709774017,IMG_Reseau_images_undersampling_ecretage,undersampling max 764,UNDER03
62,23,0.2808878123760223,IMG_Reseau_images_undersampling_ecretage,undersampling max 764,UNDER03
63,24,0.2833118736743927,IMG_Reseau_images_undersampling_ecretage,undersampling max 764,UNDER03
64,25,0.2920233309268951,IMG_Reseau_images_undersampling_ecretage,undersampling max 764,UNDER03
65,26,0.2924020886421203,IMG_Reseau_images_undersampling_ecretage,undersampling max 764,UNDER03
66,27,0.2959624230861664,IMG_Reseau_images_undersampling_ecretage,undersampling max 764,UNDER03
67,28,0.3030073344707489,IMG_Reseau_images_undersampling_ecretage,undersampling max 764,UNDER03
68,29,0.3066434264183044,IMG_Reseau_images_undersampling_ecretage,undersampling max 764,UNDER03
69,30,0.310431033372879,IMG_Reseau_images_undersampling_ecretage,undersampling max 764,UNDER03
70,31,0.3167941868305206,IMG_Reseau_images_undersampling_ecretage,undersampling max 764,UNDER03
71,32,0.3221725523471832,IMG_Reseau_images_undersampling_ecretage,undersampling max 764,UNDER03
72,33,0.3279297053813934,IMG_Reseau_images_undersampling_ecretage,undersampling max 764,UNDER03
73,34,0.3264904320240021,IMG_Reseau_images_undersampling_ecretage,undersampling max 764,UNDER03
74,35,0.3362624049186706,IMG_Reseau_images_undersampling_ecretage,undersampling max 764,UNDER03
75,36,0.3363381624221802,IMG_Reseau_images_undersampling_ecretage,undersampling max 764,UNDER03
76,37,0.3431558310985565,IMG_Reseau_images_undersampling_ecretage,undersampling max 764,UNDER03
77,38,0.3523218035697937,IMG_Reseau_images_undersampling_ecretage,undersampling max 764,UNDER03
78,39,0.3539125919342041,IMG_Reseau_images_undersampling_ecretage,undersampling max 764,UNDER03
79,40,0.3577001690864563,IMG_Reseau_images_undersampling_ecretage,undersampling max 764,UNDER03
80,1,0.0908491238951683,IMG_Reseau_images_undersampling_weight,undersampling max 2400 class_weight,UNDER02
81,2,0.1473729610443115,IMG_Reseau_images_undersampling_weight,undersampling max 2400 class_weight,UNDER02
82,3,0.1708907335996627,IMG_Reseau_images_undersampling_weight,undersampling max 2400 class_weight,UNDER02
83,4,0.1848441064357757,IMG_Reseau_images_undersampling_weight,undersampling max 2400 class_weight,UNDER02
84,5,0.1965141892433166,IMG_Reseau_images_undersampling_weight,undersampling max 2400 class_weight,UNDER02
85,6,0.2026283144950866,IMG_Reseau_images_undersampling_weight,undersampling max 2400 class_weight,UNDER02
86,7,0.2115077227354049,IMG_Reseau_images_undersampling_weight,undersampling max 2400 class_weight,UNDER02
87,8,0.2181292325258255,IMG_Reseau_images_undersampling_weight,undersampling max 2400 class_weight,UNDER02
88,9,0.2238881736993789,IMG_Reseau_images_undersampling_weight,undersampling max 2400 class_weight,UNDER02
89,10,0.2275414168834686,IMG_Reseau_images_undersampling_weight,undersampling max 2400 class_weight,UNDER02
90,11,0.2366491556167602,IMG_Reseau_images_undersampling_weight,undersampling max 2400 class_weight,UNDER02
91,12,0.2434736341238021,IMG_Reseau_images_undersampling_weight,undersampling max 2400 class_weight,UNDER02
92,13,0.2463657855987548,IMG_Reseau_images_undersampling_weight,undersampling max 2400 class_weight,UNDER02
93,14,0.2511352896690368,IMG_Reseau_images_undersampling_weight,undersampling max 2400 class_weight,UNDER02
94,15,0.2555496394634247,IMG_Reseau_images_undersampling_weight,undersampling max 2400 class_weight,UNDER02
95,16,0.2599385976791382,IMG_Reseau_images_undersampling_weight,undersampling max 2400 class_weight,UNDER02
96,17,0.2650379240512848,IMG_Reseau_images_undersampling_weight,undersampling max 2400 class_weight,UNDER02
97,18,0.2681330442428589,IMG_Reseau_images_undersampling_weight,undersampling max 2400 class_weight,UNDER02
98,19,0.2718116641044616,IMG_Reseau_images_undersampling_weight,undersampling max 2400 class_weight,UNDER02
99,20,0.274602323770523,IMG_Reseau_images_undersampling_weight,undersampling max 2400 class_weight,UNDER02
100,21,0.2785346508026123,IMG_Reseau_images_undersampling_weight,undersampling max 2400 class_weight,UNDER02
101,22,0.2819595634937286,IMG_Reseau_images_undersampling_weight,undersampling max 2400 class_weight,UNDER02
102,23,0.2874901592731476,IMG_Reseau_images_undersampling_weight,undersampling max 2400 class_weight,UNDER02
103,24,0.2885303199291229,IMG_Reseau_images_undersampling_weight,undersampling max 2400 class_weight,UNDER02
104,25,0.2902808487415313,IMG_Reseau_images_undersampling_weight,undersampling max 2400 class_weight,UNDER02
105,26,0.2951011061668396,IMG_Reseau_images_undersampling_weight,undersampling max 2400 class_weight,UNDER02
106,27,0.2950249910354614,IMG_Reseau_images_undersampling_weight,undersampling max 2400 class_weight,UNDER02
107,28,0.3028388619422912,IMG_Reseau_images_undersampling_weight,undersampling max 2400 class_weight,UNDER02
108,29,0.3041073679924011,IMG_Reseau_images_undersampling_weight,undersampling max 2400 class_weight,UNDER02
109,30,0.3071770966053009,IMG_Reseau_images_undersampling_weight,undersampling max 2400 class_weight,UNDER02
110,31,0.3098155558109283,IMG_Reseau_images_undersampling_weight,undersampling max 2400 class_weight,UNDER02
111,32,0.3113631308078766,IMG_Reseau_images_undersampling_weight,undersampling max 2400 class_weight,UNDER02
112,33,0.3134941756725311,IMG_Reseau_images_undersampling_weight,undersampling max 2400 class_weight,UNDER02
113,34,0.3155491352081299,IMG_Reseau_images_undersampling_weight,undersampling max 2400 class_weight,UNDER02
114,35,0.3222721219062805,IMG_Reseau_images_undersampling_weight,undersampling max 2400 class_weight,UNDER02
115,36,0.3260268270969391,IMG_Reseau_images_undersampling_weight,undersampling max 2400 class_weight,UNDER02
116,37,0.328157901763916,IMG_Reseau_images_undersampling_weight,undersampling max 2400 class_weight,UNDER02
117,38,0.3308217227458954,IMG_Reseau_images_undersampling_weight,undersampling max 2400 class_weight,UNDER02
118,39,0.3352614343166351,IMG_Reseau_images_undersampling_weight,undersampling max 2400 class_weight,UNDER02
119,40,0.3389400541782379,IMG_Reseau_images_undersampling_weight,undersampling max 2400 class_weight,UNDER02
120,1,0.196666419506073,IMG_Reseau_Images_undersampling_BatchNormalization,undersampling max 2400 avec BatchNormalization,UNDER04
121,2,0.2469746619462967,IMG_Reseau_Images_undersampling_BatchNormalization,undersampling max 2400 avec BatchNormalization,UNDER04
122,3,0.2685389518737793,IMG_Reseau_Images_undersampling_BatchNormalization,undersampling max 2400 avec BatchNormalization,UNDER04
123,4,0.2823147475719452,IMG_Reseau_Images_undersampling_BatchNormalization,undersampling max 2400 avec BatchNormalization,UNDER04
124,5,0.2934520542621612,IMG_Reseau_Images_undersampling_BatchNormalization,undersampling max 2400 avec BatchNormalization,UNDER04
125,6,0.3042595982551574,IMG_Reseau_Images_undersampling_BatchNormalization,undersampling max 2400 avec BatchNormalization,UNDER04
126,7,0.3206738233566284,IMG_Reseau_Images_undersampling_BatchNormalization,undersampling max 2400 avec BatchNormalization,UNDER04
127,8,0.325012058019638,IMG_Reseau_Images_undersampling_BatchNormalization,undersampling max 2400 avec BatchNormalization,UNDER04
128,9,0.3325468599796295,IMG_Reseau_Images_undersampling_BatchNormalization,undersampling max 2400 avec BatchNormalization,UNDER04
129,10,0.3471852242946625,IMG_Reseau_Images_undersampling_BatchNormalization,undersampling max 2400 avec BatchNormalization,UNDER04
130,11,0.3581449687480926,IMG_Reseau_Images_undersampling_BatchNormalization,undersampling max 2400 avec BatchNormalization,UNDER04
131,12,0.3692315518856048,IMG_Reseau_Images_undersampling_BatchNormalization,undersampling max 2400 avec BatchNormalization,UNDER04
132,13,0.3754978775978088,IMG_Reseau_Images_undersampling_BatchNormalization,undersampling max 2400 avec BatchNormalization,UNDER04
133,14,0.3875485062599182,IMG_Reseau_Images_undersampling_BatchNormalization,undersampling max 2400 avec BatchNormalization,UNDER04
134,15,0.395971268415451,IMG_Reseau_Images_undersampling_BatchNormalization,undersampling max 2400 avec BatchNormalization,UNDER04
135,16,0.4053327143192291,IMG_Reseau_Images_undersampling_BatchNormalization,undersampling max 2400 avec BatchNormalization,UNDER04
136,17,0.4117512702941894,IMG_Reseau_Images_undersampling_BatchNormalization,undersampling max 2400 avec BatchNormalization,UNDER04
137,18,0.4236243367195129,IMG_Reseau_Images_undersampling_BatchNormalization,undersampling max 2400 avec BatchNormalization,UNDER04
138,19,0.4347362816333771,IMG_Reseau_Images_undersampling_BatchNormalization,undersampling max 2400 avec BatchNormalization,UNDER04
139,20,0.4421442449092865,IMG_Reseau_Images_undersampling_BatchNormalization,undersampling max 2400 avec BatchNormalization,UNDER04
140,21,0.450998306274414,IMG_Reseau_Images_undersampling_BatchNormalization,undersampling max 2400 avec BatchNormalization,UNDER04
141,22,0.4578734934329986,IMG_Reseau_Images_undersampling_BatchNormalization,undersampling max 2400 avec BatchNormalization,UNDER04
142,23,0.4654844403266907,IMG_Reseau_Images_undersampling_BatchNormalization,undersampling max 2400 avec BatchNormalization,UNDER04
143,24,0.4756069779396057,IMG_Reseau_Images_undersampling_BatchNormalization,undersampling max 2400 avec BatchNormalization,UNDER04
144,25,0.4835223257541656,IMG_Reseau_Images_undersampling_BatchNormalization,undersampling max 2400 avec BatchNormalization,UNDER04
145,26,0.4900423586368561,IMG_Reseau_Images_undersampling_BatchNormalization,undersampling max 2400 avec BatchNormalization,UNDER04
146,27,0.4989471435546875,IMG_Reseau_Images_undersampling_BatchNormalization,undersampling max 2400 avec BatchNormalization,UNDER04
147,28,0.5043255686759949,IMG_Reseau_Images_undersampling_BatchNormalization,undersampling max 2400 avec BatchNormalization,UNDER04
148,29,0.5164269208908081,IMG_Reseau_Images_undersampling_BatchNormalization,undersampling max 2400 avec BatchNormalization,UNDER04
149,30,0.515589714050293,IMG_Reseau_Images_undersampling_BatchNormalization,undersampling max 2400 avec BatchNormalization,UNDER04
150,31,0.5258137583732605,IMG_Reseau_Images_undersampling_BatchNormalization,undersampling max 2400 avec BatchNormalization,UNDER04
151,32,0.5332724452018738,IMG_Reseau_Images_undersampling_BatchNormalization,undersampling max 2400 avec BatchNormalization,UNDER04
152,33,0.5479361414909363,IMG_Reseau_Images_undersampling_BatchNormalization,undersampling max 2400 avec BatchNormalization,UNDER04
153,34,0.5516401529312134,IMG_Reseau_Images_undersampling_BatchNormalization,undersampling max 2400 avec BatchNormalization,UNDER04
154,35,0.5548874735832214,IMG_Reseau_Images_undersampling_BatchNormalization,undersampling max 2400 avec BatchNormalization,UNDER04
155,36,0.5662024021148682,IMG_Reseau_Images_undersampling_BatchNormalization,undersampling max 2400 avec BatchNormalization,UNDER04
156,37,0.5702362060546875,IMG_Reseau_Images_undersampling_BatchNormalization,undersampling max 2400 avec BatchNormalization,UNDER04
157,38,0.5788111686706543,IMG_Reseau_Images_undersampling_BatchNormalization,undersampling max 2400 avec BatchNormalization,UNDER04
158,39,0.5825151801109314,IMG_Reseau_Images_undersampling_BatchNormalization,undersampling max 2400 avec BatchNormalization,UNDER04
159,40,0.5887561440467834,IMG_Reseau_Images_undersampling_BatchNormalization,undersampling max 2400 avec BatchNormalization,UNDER04
160,1,0.1419438272714615,IMG_Reseau_Images_undersampling_L2,undersampling max 2400 L2=0.0001,UNDER06
161,2,0.1920491158962249,IMG_Reseau_Images_undersampling_L2,undersampling max 2400 L2=0.0001,UNDER06
162,3,0.2089200019836425,IMG_Reseau_Images_undersampling_L2,undersampling max 2400 L2=0.0001,UNDER06
163,4,0.2256133109331131,IMG_Reseau_Images_undersampling_L2,undersampling max 2400 L2=0.0001,UNDER06
164,5,0.2353299409151077,IMG_Reseau_Images_undersampling_L2,undersampling max 2400 L2=0.0001,UNDER06
165,6,0.2438541799783706,IMG_Reseau_Images_undersampling_L2,undersampling max 2400 L2=0.0001,UNDER06
166,7,0.2508562207221985,IMG_Reseau_Images_undersampling_L2,undersampling max 2400 L2=0.0001,UNDER06
167,8,0.2566405236721039,IMG_Reseau_Images_undersampling_L2,undersampling max 2400 L2=0.0001,UNDER06
168,9,0.2644290626049042,IMG_Reseau_Images_undersampling_L2,undersampling max 2400 L2=0.0001,UNDER06
169,10,0.2692493200302124,IMG_Reseau_Images_undersampling_L2,undersampling max 2400 L2=0.0001,UNDER06
170,11,0.2785600125789642,IMG_Reseau_Images_undersampling_L2,undersampling max 2400 L2=0.0001,UNDER06
171,12,0.2822893559932709,IMG_Reseau_Images_undersampling_L2,undersampling max 2400 L2=0.0001,UNDER06
172,13,0.28612020611763,IMG_Reseau_Images_undersampling_L2,undersampling max 2400 L2=0.0001,UNDER06
173,14,0.2926148474216461,IMG_Reseau_Images_undersampling_L2,undersampling max 2400 L2=0.0001,UNDER06
174,15,0.2976634502410888,IMG_Reseau_Images_undersampling_L2,undersampling max 2400 L2=0.0001,UNDER06
175,16,0.3031433224678039,IMG_Reseau_Images_undersampling_L2,undersampling max 2400 L2=0.0001,UNDER06
176,17,0.3081918954849243,IMG_Reseau_Images_undersampling_L2,undersampling max 2400 L2=0.0001,UNDER06
177,18,0.3122256994247436,IMG_Reseau_Images_undersampling_L2,undersampling max 2400 L2=0.0001,UNDER06
178,19,0.3138239979743957,IMG_Reseau_Images_undersampling_L2,undersampling max 2400 L2=0.0001,UNDER06
179,20,0.3175533413887024,IMG_Reseau_Images_undersampling_L2,undersampling max 2400 L2=0.0001,UNDER06
180,21,0.322627305984497,IMG_Reseau_Images_undersampling_L2,undersampling max 2400 L2=0.0001,UNDER06
181,22,0.3288428783416748,IMG_Reseau_Images_undersampling_L2,undersampling max 2400 L2=0.0001,UNDER06
182,23,0.3292234241962433,IMG_Reseau_Images_undersampling_L2,undersampling max 2400 L2=0.0001,UNDER06
183,24,0.3325468599796295,IMG_Reseau_Images_undersampling_L2,undersampling max 2400 L2=0.0001,UNDER06
184,25,0.335286796092987,IMG_Reseau_Images_undersampling_L2,undersampling max 2400 L2=0.0001,UNDER06
185,26,0.3425425589084625,IMG_Reseau_Images_undersampling_L2,undersampling max 2400 L2=0.0001,UNDER06
186,27,0.345307856798172,IMG_Reseau_Images_undersampling_L2,undersampling max 2400 L2=0.0001,UNDER06
187,28,0.3500012755393982,IMG_Reseau_Images_undersampling_L2,undersampling max 2400 L2=0.0001,UNDER06
188,29,0.3538320958614349,IMG_Reseau_Images_undersampling_L2,undersampling max 2400 L2=0.0001,UNDER06
189,30,0.3560646474361419,IMG_Reseau_Images_undersampling_L2,undersampling max 2400 L2=0.0001,UNDER06
190,31,0.3583986461162567,IMG_Reseau_Images_undersampling_L2,undersampling max 2400 L2=0.0001,UNDER06
191,32,0.3632950186729431,IMG_Reseau_Images_undersampling_L2,undersampling max 2400 L2=0.0001,UNDER06
192,33,0.3677600920200348,IMG_Reseau_Images_undersampling_L2,undersampling max 2400 L2=0.0001,UNDER06
193,34,0.3698911666870117,IMG_Reseau_Images_undersampling_L2,undersampling max 2400 L2=0.0001,UNDER06
194,35,0.3728086948394775,IMG_Reseau_Images_undersampling_L2,undersampling max 2400 L2=0.0001,UNDER06
195,36,0.3778826296329498,IMG_Reseau_Images_undersampling_L2,undersampling max 2400 L2=0.0001,UNDER06
196,37,0.380343496799469,IMG_Reseau_Images_undersampling_L2,undersampling max 2400 L2=0.0001,UNDER06
197,38,0.3829312324523926,IMG_Reseau_Images_undersampling_L2,undersampling max 2400 L2=0.0001,UNDER06
198,39,0.3889946043491363,IMG_Reseau_Images_undersampling_L2,undersampling max 2400 L2=0.0001,UNDER06
199,40,0.3903138339519501,IMG_Reseau_Images_undersampling_L2,undersampling max 2400 L2=0.0001,UNDER06
200,1,0.1404216438531875,IMG_Reseau_Images_undersampling_L1,undersampling max 2400 L1=0.0001,UNDER05
201,2,0.1893091797828674,IMG_Reseau_Images_undersampling_L1,undersampling max 2400 L1=0.0001,UNDER05
202,3,0.2046832591295242,IMG_Reseau_Images_undersampling_L1,undersampling max 2400 L1=0.0001,UNDER05
203,4,0.220869168639183,IMG_Reseau_Images_undersampling_L1,undersampling max 2400 L1=0.0001,UNDER05
204,5,0.2287084311246872,IMG_Reseau_Images_undersampling_L1,undersampling max 2400 L1=0.0001,UNDER05
205,6,0.2374610006809234,IMG_Reseau_Images_undersampling_L1,undersampling max 2400 L1=0.0001,UNDER05
206,7,0.2430930882692337,IMG_Reseau_Images_undersampling_L1,undersampling max 2400 L1=0.0001,UNDER05
207,8,0.2483953684568405,IMG_Reseau_Images_undersampling_L1,undersampling max 2400 L1=0.0001,UNDER05
208,9,0.2547885477542877,IMG_Reseau_Images_undersampling_L1,undersampling max 2400 L1=0.0001,UNDER05
209,10,0.2576299607753753,IMG_Reseau_Images_undersampling_L1,undersampling max 2400 L1=0.0001,UNDER05
210,11,0.2619935572147369,IMG_Reseau_Images_undersampling_L1,undersampling max 2400 L1=0.0001,UNDER05
211,12,0.2652662694454193,IMG_Reseau_Images_undersampling_L1,undersampling max 2400 L1=0.0001,UNDER05
212,13,0.2663825154304504,IMG_Reseau_Images_undersampling_L1,undersampling max 2400 L1=0.0001,UNDER05
213,14,0.2701372504234314,IMG_Reseau_Images_undersampling_L1,undersampling max 2400 L1=0.0001,UNDER05
214,15,0.2730801403522491,IMG_Reseau_Images_undersampling_L1,undersampling max 2400 L1=0.0001,UNDER05
215,16,0.2728010714054107,IMG_Reseau_Images_undersampling_L1,undersampling max 2400 L1=0.0001,UNDER05
216,17,0.2724205255508423,IMG_Reseau_Images_undersampling_L1,undersampling max 2400 L1=0.0001,UNDER05
217,18,0.2763528525829315,IMG_Reseau_Images_undersampling_L1,undersampling max 2400 L1=0.0001,UNDER05
218,19,0.2758961915969848,IMG_Reseau_Images_undersampling_L1,undersampling max 2400 L1=0.0001,UNDER05
219,20,0.2758708298206329,IMG_Reseau_Images_undersampling_L1,undersampling max 2400 L1=0.0001,UNDER05
220,21,0.276987075805664,IMG_Reseau_Images_undersampling_L1,undersampling max 2400 L1=0.0001,UNDER05
221,22,0.2755410075187683,IMG_Reseau_Images_undersampling_L1,undersampling max 2400 L1=0.0001,UNDER05
222,23,0.277621328830719,IMG_Reseau_Images_undersampling_L1,undersampling max 2400 L1=0.0001,UNDER05
223,24,0.2760737836360931,IMG_Reseau_Images_undersampling_L1,undersampling max 2400 L1=0.0001,UNDER05
224,25,0.2724966406822204,IMG_Reseau_Images_undersampling_L1,undersampling max 2400 L1=0.0001,UNDER05
225,26,0.2743993699550628,IMG_Reseau_Images_undersampling_L1,undersampling max 2400 L1=0.0001,UNDER05
226,27,0.2737651169300079,IMG_Reseau_Images_undersampling_L1,undersampling max 2400 L1=0.0001,UNDER05
227,28,0.2756171226501465,IMG_Reseau_Images_undersampling_L1,undersampling max 2400 L1=0.0001,UNDER05
228,29,0.2751604616641998,IMG_Reseau_Images_undersampling_L1,undersampling max 2400 L1=0.0001,UNDER05
229,30,0.2732323706150055,IMG_Reseau_Images_undersampling_L1,undersampling max 2400 L1=0.0001,UNDER05
230,31,0.2735368013381958,IMG_Reseau_Images_undersampling_L1,undersampling max 2400 L1=0.0001,UNDER05
231,32,0.2738919854164123,IMG_Reseau_Images_undersampling_L1,undersampling max 2400 L1=0.0001,UNDER05
232,33,0.2767080068588257,IMG_Reseau_Images_undersampling_L1,undersampling max 2400 L1=0.0001,UNDER05
233,34,0.2764796912670135,IMG_Reseau_Images_undersampling_L1,undersampling max 2400 L1=0.0001,UNDER05
234,35,0.2764035761356354,IMG_Reseau_Images_undersampling_L1,undersampling max 2400 L1=0.0001,UNDER05
235,36,0.2739427089691162,IMG_Reseau_Images_undersampling_L1,undersampling max 2400 L1=0.0001,UNDER05
236,37,0.2748560309410095,IMG_Reseau_Images_undersampling_L1,undersampling max 2400 L1=0.0001,UNDER05
237,38,0.2767080068588257,IMG_Reseau_Images_undersampling_L1,undersampling max 2400 L1=0.0001,UNDER05
238,39,0.276987075805664,IMG_Reseau_Images_undersampling_L1,undersampling max 2400 L1=0.0001,UNDER05
239,40,0.2811223566532135,IMG_Reseau_Images_undersampling_L1,undersampling max 2400 L1=0.0001,UNDER05
240,1,0.3286414742469787,Modele_IMG_Reseau_RGB,efficientNet RGB max 2500 lr=0.01->0.0042 DR20-20,CNN03
241,2,0.453505277633667,Modele_IMG_Reseau_RGB,efficientNet RGB max 2500 lr=0.01->0.0042 DR20-20,CNN03
242,3,0.4948011338710785,Modele_IMG_Reseau_RGB,efficientNet RGB max 2500 lr=0.01->0.0042 DR20-20,CNN03
243,4,0.5163912177085876,Modele_IMG_Reseau_RGB,efficientNet RGB max 2500 lr=0.01->0.0042 DR20-20,CNN03
244,5,0.5358245372772217,Modele_IMG_Reseau_RGB,efficientNet RGB max 2500 lr=0.01->0.0042 DR20-20,CNN03
245,6,0.5517616868019104,Modele_IMG_Reseau_RGB,efficientNet RGB max 2500 lr=0.01->0.0042 DR20-20,CNN03
246,7,0.5652697086334229,Modele_IMG_Reseau_RGB,efficientNet RGB max 2500 lr=0.01->0.0042 DR20-20,CNN03
247,8,0.5777788162231445,Modele_IMG_Reseau_RGB,efficientNet RGB max 2500 lr=0.01->0.0042 DR20-20,CNN03
248,9,0.5918770432472229,Modele_IMG_Reseau_RGB,efficientNet RGB max 2500 lr=0.01->0.0042 DR20-20,CNN03
249,10,0.6017072200775146,Modele_IMG_Reseau_RGB,efficientNet RGB max 2500 lr=0.01->0.0042 DR20-20,CNN03
250,11,0.6136033535003662,Modele_IMG_Reseau_RGB,efficientNet RGB max 2500 lr=0.01->0.0042 DR20-20,CNN03
251,12,0.6242508292198181,Modele_IMG_Reseau_RGB,efficientNet RGB max 2500 lr=0.01->0.0042 DR20-20,CNN03
252,13,0.6334453225135803,Modele_IMG_Reseau_RGB,efficientNet RGB max 2500 lr=0.01->0.0042 DR20-20,CNN03
253,14,0.6419360637664795,Modele_IMG_Reseau_RGB,efficientNet RGB max 2500 lr=0.01->0.0042 DR20-20,CNN03
254,15,0.6549445986747742,Modele_IMG_Reseau_RGB,efficientNet RGB max 2500 lr=0.01->0.0042 DR20-20,CNN03
255,16,0.6612558960914612,Modele_IMG_Reseau_RGB,efficientNet RGB max 2500 lr=0.01->0.0042 DR20-20,CNN03
256,17,0.6706547141075134,Modele_IMG_Reseau_RGB,efficientNet RGB max 2500 lr=0.01->0.0042 DR20-20,CNN03
257,18,0.6807346343994141,Modele_IMG_Reseau_RGB,efficientNet RGB max 2500 lr=0.01->0.0042 DR20-20,CNN03
258,19,0.6908599734306335,Modele_IMG_Reseau_RGB,efficientNet RGB max 2500 lr=0.01->0.0042 DR20-20,CNN03
259,20,0.7007355690002441,Modele_IMG_Reseau_RGB,efficientNet RGB max 2500 lr=0.01->0.0042 DR20-20,CNN03
260,21,0.7085452079772949,Modele_IMG_Reseau_RGB,efficientNet RGB max 2500 lr=0.01->0.0042 DR20-20,CNN03
261,22,0.724459707736969,Modele_IMG_Reseau_RGB,efficientNet RGB max 2500 lr=0.01->0.0042 DR20-20,CNN03
262,23,0.731270432472229,Modele_IMG_Reseau_RGB,efficientNet RGB max 2500 lr=0.01->0.0042 DR20-20,CNN03
263,24,0.7370141744613647,Modele_IMG_Reseau_RGB,efficientNet RGB max 2500 lr=0.01->0.0042 DR20-20,CNN03
264,25,0.744347095489502,Modele_IMG_Reseau_RGB,efficientNet RGB max 2500 lr=0.01->0.0042 DR20-20,CNN03
265,26,0.7496821880340576,Modele_IMG_Reseau_RGB,efficientNet RGB max 2500 lr=0.01->0.0042 DR20-20,CNN03
266,27,0.7604431509971619,Modele_IMG_Reseau_RGB,efficientNet RGB max 2500 lr=0.01->0.0042 DR20-20,CNN03
267,28,0.7657101154327393,Modele_IMG_Reseau_RGB,efficientNet RGB max 2500 lr=0.01->0.0042 DR20-20,CNN03
268,29,0.7713630795478821,Modele_IMG_Reseau_RGB,efficientNet RGB max 2500 lr=0.01->0.0042 DR20-20,CNN03
269,30,0.7791045904159546,Modele_IMG_Reseau_RGB,efficientNet RGB max 2500 lr=0.01->0.0042 DR20-20,CNN03
270,31,0.7824872732162476,Modele_IMG_Reseau_RGB,efficientNet RGB max 2500 lr=0.01->0.0042 DR20-20,CNN03
271,32,0.7877542972564697,Modele_IMG_Reseau_RGB,efficientNet RGB max 2500 lr=0.01->0.0042 DR20-20,CNN03
272,33,0.793066680431366,Modele_IMG_Reseau_RGB,efficientNet RGB max 2500 lr=0.01->0.0042 DR20-20,CNN03
273,34,0.7966763377189636,Modele_IMG_Reseau_RGB,efficientNet RGB max 2500 lr=0.01->0.0042 DR20-20,CNN03
274,35,0.7990828156471252,Modele_IMG_Reseau_RGB,efficientNet RGB max 2500 lr=0.01->0.0042 DR20-20,CNN03
275,36,0.8014665842056274,Modele_IMG_Reseau_RGB,efficientNet RGB max 2500 lr=0.01->0.0042 DR20-20,CNN03
276,37,0.806847095489502,Modele_IMG_Reseau_RGB,efficientNet RGB max 2500 lr=0.01->0.0042 DR20-20,CNN03
277,38,0.8124318718910217,Modele_IMG_Reseau_RGB,efficientNet RGB max 2500 lr=0.01->0.0042 DR20-20,CNN03
278,39,0.81229567527771,Modele_IMG_Reseau_RGB,efficientNet RGB max 2500 lr=0.01->0.0042 DR20-20,CNN03
279,40,0.815882682800293,Modele_IMG_Reseau_RGB,efficientNet RGB max 2500 lr=0.01->0.0042 DR20-20,CNN03
280,1,0.394749641418457,Modele_IMG_Reseau_RGB,efficientNet RGB max 4000 lr=0.01->0.0042 DR20-20,CNN05
281,2,0.5017385482788086,Modele_IMG_Reseau_RGB,efficientNet RGB max 4000 lr=0.01->0.0042 DR20-20,CNN05
282,3,0.5372218489646912,Modele_IMG_Reseau_RGB,efficientNet RGB max 4000 lr=0.01->0.0042 DR20-20,CNN05
283,4,0.5614221096038818,Modele_IMG_Reseau_RGB,efficientNet RGB max 4000 lr=0.01->0.0042 DR20-20,CNN05
284,5,0.5788073539733887,Modele_IMG_Reseau_RGB,efficientNet RGB max 4000 lr=0.01->0.0042 DR20-20,CNN05
285,6,0.5943498015403748,Modele_IMG_Reseau_RGB,efficientNet RGB max 4000 lr=0.01->0.0042 DR20-20,CNN05
286,7,0.6056328415870667,Modele_IMG_Reseau_RGB,efficientNet RGB max 4000 lr=0.01->0.0042 DR20-20,CNN05
287,8,0.6156119704246521,Modele_IMG_Reseau_RGB,efficientNet RGB max 4000 lr=0.01->0.0042 DR20-20,CNN05
288,9,0.6272426843643188,Modele_IMG_Reseau_RGB,efficientNet RGB max 4000 lr=0.01->0.0042 DR20-20,CNN05
289,10,0.6389256119728088,Modele_IMG_Reseau_RGB,efficientNet RGB max 4000 lr=0.01->0.0042 DR20-20,CNN05
290,11,0.6476529836654663,Modele_IMG_Reseau_RGB,efficientNet RGB max 4000 lr=0.01->0.0042 DR20-20,CNN05
291,12,0.6606919169425964,Modele_IMG_Reseau_RGB,efficientNet RGB max 4000 lr=0.01->0.0042 DR20-20,CNN05
292,13,0.6691411733627319,Modele_IMG_Reseau_RGB,efficientNet RGB max 4000 lr=0.01->0.0042 DR20-20,CNN05
293,14,0.6777294874191284,Modele_IMG_Reseau_RGB,efficientNet RGB max 4000 lr=0.01->0.0042 DR20-20,CNN05
294,15,0.6867698431015015,Modele_IMG_Reseau_RGB,efficientNet RGB max 4000 lr=0.01->0.0042 DR20-20,CNN05
295,16,0.6971140503883362,Modele_IMG_Reseau_RGB,efficientNet RGB max 4000 lr=0.01->0.0042 DR20-20,CNN05
296,17,0.7031815052032471,Modele_IMG_Reseau_RGB,efficientNet RGB max 4000 lr=0.01->0.0042 DR20-20,CNN05
297,18,0.7160813808441162,Modele_IMG_Reseau_RGB,efficientNet RGB max 4000 lr=0.01->0.0042 DR20-20,CNN05
298,19,0.7232614755630493,Modele_IMG_Reseau_RGB,efficientNet RGB max 4000 lr=0.01->0.0042 DR20-20,CNN05
299,20,0.7318497896194458,Modele_IMG_Reseau_RGB,efficientNet RGB max 4000 lr=0.01->0.0042 DR20-20,CNN05
300,21,0.7404206991195679,Modele_IMG_Reseau_RGB,efficientNet RGB max 4000 lr=0.01->0.0042 DR20-20,CNN05
301,22,0.7509040236473083,Modele_IMG_Reseau_RGB,efficientNet RGB max 4000 lr=0.01->0.0042 DR20-20,CNN05
302,23,0.7614220976829529,Modele_IMG_Reseau_RGB,efficientNet RGB max 4000 lr=0.01->0.0042 DR20-20,CNN05
303,24,0.7685848474502563,Modele_IMG_Reseau_RGB,efficientNet RGB max 4000 lr=0.01->0.0042 DR20-20,CNN05
304,25,0.7759214043617249,Modele_IMG_Reseau_RGB,efficientNet RGB max 4000 lr=0.01->0.0042 DR20-20,CNN05
305,26,0.7781988978385925,Modele_IMG_Reseau_RGB,efficientNet RGB max 4000 lr=0.01->0.0042 DR20-20,CNN05
306,27,0.7873261570930481,Modele_IMG_Reseau_RGB,efficientNet RGB max 4000 lr=0.01->0.0042 DR20-20,CNN05
307,28,0.7944715023040771,Modele_IMG_Reseau_RGB,efficientNet RGB max 4000 lr=0.01->0.0042 DR20-20,CNN05
308,29,0.7999652028083801,Modele_IMG_Reseau_RGB,efficientNet RGB max 4000 lr=0.01->0.0042 DR20-20,CNN05
309,30,0.8063977956771851,Modele_IMG_Reseau_RGB,efficientNet RGB max 4000 lr=0.01->0.0042 DR20-20,CNN05
310,31,0.8106745481491089,Modele_IMG_Reseau_RGB,efficientNet RGB max 4000 lr=0.01->0.0042 DR20-20,CNN05
311,32,0.8148991465568542,Modele_IMG_Reseau_RGB,efficientNet RGB max 4000 lr=0.01->0.0042 DR20-20,CNN05
312,33,0.8218880295753479,Modele_IMG_Reseau_RGB,efficientNet RGB max 4000 lr=0.01->0.0042 DR20-20,CNN05
313,34,0.8239742517471313,Modele_IMG_Reseau_RGB,efficientNet RGB max 4000 lr=0.01->0.0042 DR20-20,CNN05
314,35,0.8259561657905579,Modele_IMG_Reseau_RGB,efficientNet RGB max 4000 lr=0.01->0.0042 DR20-20,CNN05
315,36,0.830354630947113,Modele_IMG_Reseau_RGB,efficientNet RGB max 4000 lr=0.01->0.0042 DR20-20,CNN05
316,37,0.8341272473335266,Modele_IMG_Reseau_RGB,efficientNet RGB max 4000 lr=0.01->0.0042 DR20-20,CNN05
317,38,0.8395166993141174,Modele_IMG_Reseau_RGB,efficientNet RGB max 4000 lr=0.01->0.0042 DR20-20,CNN05
318,39,0.844714879989624,Modele_IMG_Reseau_RGB,efficientNet RGB max 4000 lr=0.01->0.0042 DR20-20,CNN05
319,40,0.844036877155304,Modele_IMG_Reseau_RGB,efficientNet RGB max 4000 lr=0.01->0.0042 DR20-20,CNN05
320,1,0.0460406839847564,Modele_Img_Reseau_RGB_personnalise,modele perso RGB max 2500 lr=0.0001 DR10,CNN04
321,2,0.0659053772687912,Modele_Img_Reseau_RGB_personnalise,modele perso RGB max 2500 lr=0.0001 DR10,CNN04
322,3,0.0838630571961402,Modele_Img_Reseau_RGB_personnalise,modele perso RGB max 2500 lr=0.0001 DR10,CNN04
323,4,0.0963721424341201,Modele_Img_Reseau_RGB_personnalise,modele perso RGB max 2500 lr=0.0001 DR10,CNN04
324,5,0.1092444583773613,Modele_Img_Reseau_RGB_personnalise,modele perso RGB max 2500 lr=0.0001 DR10,CNN04
325,6,0.1228432655334472,Modele_Img_Reseau_RGB_personnalise,modele perso RGB max 2500 lr=0.0001 DR10,CNN04
326,7,0.1389620453119278,Modele_Img_Reseau_RGB_personnalise,modele perso RGB max 2500 lr=0.0001 DR10,CNN04
327,8,0.1541046202182769,Modele_Img_Reseau_RGB_personnalise,modele perso RGB max 2500 lr=0.0001 DR10,CNN04
328,9,0.1728795915842056,Modele_Img_Reseau_RGB_personnalise,modele perso RGB max 2500 lr=0.0001 DR10,CNN04
329,10,0.1956956088542938,Modele_Img_Reseau_RGB_personnalise,modele perso RGB max 2500 lr=0.0001 DR10,CNN04
330,11,0.2184662222862243,Modele_Img_Reseau_RGB_personnalise,modele perso RGB max 2500 lr=0.0001 DR10,CNN04
331,12,0.246140569448471,Modele_Img_Reseau_RGB_personnalise,modele perso RGB max 2500 lr=0.0001 DR10,CNN04
332,13,0.2663004100322723,Modele_Img_Reseau_RGB_personnalise,modele perso RGB max 2500 lr=0.0001 DR10,CNN04
333,14,0.2890710234642029,Modele_Img_Reseau_RGB_personnalise,modele perso RGB max 2500 lr=0.0001 DR10,CNN04
334,15,0.312023252248764,Modele_Img_Reseau_RGB_personnalise,modele perso RGB max 2500 lr=0.0001 DR10,CNN04
335,16,0.3341808915138244,Modele_Img_Reseau_RGB_personnalise,modele perso RGB max 2500 lr=0.0001 DR10,CNN04
336,17,0.3553850352764129,Modele_Img_Reseau_RGB_personnalise,modele perso RGB max 2500 lr=0.0001 DR10,CNN04
337,18,0.3795177936553955,Modele_Img_Reseau_RGB_personnalise,modele perso RGB max 2500 lr=0.0001 DR10,CNN04
338,19,0.4051035344600677,Modele_Img_Reseau_RGB_personnalise,modele perso RGB max 2500 lr=0.0001 DR10,CNN04
339,20,0.4305984377861023,Modele_Img_Reseau_RGB_personnalise,modele perso RGB max 2500 lr=0.0001 DR10,CNN04
340,21,0.4587722420692444,Modele_Img_Reseau_RGB_personnalise,modele perso RGB max 2500 lr=0.0001 DR10,CNN04
341,22,0.4856520295143127,Modele_Img_Reseau_RGB_personnalise,modele perso RGB max 2500 lr=0.0001 DR10,CNN04
342,23,0.5076961517333984,Modele_Img_Reseau_RGB_personnalise,modele perso RGB max 2500 lr=0.0001 DR10,CNN04
343,24,0.5277197360992432,Modele_Img_Reseau_RGB_personnalise,modele perso RGB max 2500 lr=0.0001 DR10,CNN04
344,25,0.5475390553474426,Modele_Img_Reseau_RGB_personnalise,modele perso RGB max 2500 lr=0.0001 DR10,CNN04
345,26,0.5691972374916077,Modele_Img_Reseau_RGB_personnalise,modele perso RGB max 2500 lr=0.0001 DR10,CNN04
346,27,0.5948283672332764,Modele_Img_Reseau_RGB_personnalise,modele perso RGB max 2500 lr=0.0001 DR10,CNN04
347,28,0.6126271486282349,Modele_Img_Reseau_RGB_personnalise,modele perso RGB max 2500 lr=0.0001 DR10,CNN04
348,29,0.6280421614646912,Modele_Img_Reseau_RGB_personnalise,modele perso RGB max 2500 lr=0.0001 DR10,CNN04
349,30,0.6452279090881348,Modele_Img_Reseau_RGB_personnalise,modele perso RGB max 2500 lr=0.0001 DR10,CNN04
350,31,0.6608245372772217,Modele_Img_Reseau_RGB_personnalise,modele perso RGB max 2500 lr=0.0001 DR10,CNN04
351,32,0.6795541048049927,Modele_Img_Reseau_RGB_personnalise,modele perso RGB max 2500 lr=0.0001 DR10,CNN04
352,33,0.6915410757064819,Modele_Img_Reseau_RGB_personnalise,modele perso RGB max 2500 lr=0.0001 DR10,CNN04
353,34,0.7009171843528748,Modele_Img_Reseau_RGB_personnalise,modele perso RGB max 2500 lr=0.0001 DR10,CNN04
354,35,0.7156965136528015,Modele_Img_Reseau_RGB_personnalise,modele perso RGB max 2500 lr=0.0001 DR10,CNN04
355,36,0.7259580492973328,Modele_Img_Reseau_RGB_personnalise,modele perso RGB max 2500 lr=0.0001 DR10,CNN04
356,37,0.7393752336502075,Modele_Img_Reseau_RGB_personnalise,modele perso RGB max 2500 lr=0.0001 DR10,CNN04
357,38,0.7478205561637878,Modele_Img_Reseau_RGB_personnalise,modele perso RGB max 2500 lr=0.0001 DR10,CNN04
358,39,0.753382682800293,Modele_Img_Reseau_RGB_personnalise,modele perso RGB max 2500 lr=0.0001 DR10,CNN04
359,40,0.7655966281890869,Modele_Img_Reseau_RGB_personnalise,modele perso RGB max 2500 lr=0.0001 DR10,CNN04
360,1,0.0627270266413688,Modele_Img_Reseau_RGB_personnalise,modele perso RGB max 2500 lr=0.0001 DR20,CNN06
361,2,0.0829095542430877,Modele_Img_Reseau_RGB_personnalise,modele perso RGB max 2500 lr=0.0001 DR20,CNN06
362,3,0.1005948036909103,Modele_Img_Reseau_RGB_personnalise,modele perso RGB max 2500 lr=0.0001 DR20,CNN06
363,4,0.117576278746128,Modele_Img_Reseau_RGB_personnalise,modele perso RGB max 2500 lr=0.0001 DR20,CNN06
364,5,0.1359880119562149,Modele_Img_Reseau_RGB_personnalise,modele perso RGB max 2500 lr=0.0001 DR20,CNN06
365,6,0.1550127118825912,Modele_Img_Reseau_RGB_personnalise,modele perso RGB max 2500 lr=0.0001 DR20,CNN06
366,7,0.1727660745382309,Modele_Img_Reseau_RGB_personnalise,modele perso RGB max 2500 lr=0.0001 DR20,CNN06
367,8,0.1939929127693176,Modele_Img_Reseau_RGB_personnalise,modele perso RGB max 2500 lr=0.0001 DR20,CNN06
368,9,0.2102252095937729,Modele_Img_Reseau_RGB_personnalise,modele perso RGB max 2500 lr=0.0001 DR20,CNN06
369,10,0.2285234332084655,Modele_Img_Reseau_RGB_personnalise,modele perso RGB max 2500 lr=0.0001 DR20,CNN06
370,11,0.2466854304075241,Modele_Img_Reseau_RGB_personnalise,modele perso RGB max 2500 lr=0.0001 DR20,CNN06
371,12,0.2631901502609253,Modele_Img_Reseau_RGB_personnalise,modele perso RGB max 2500 lr=0.0001 DR20,CNN06
372,13,0.2783554196357727,Modele_Img_Reseau_RGB_personnalise,modele perso RGB max 2500 lr=0.0001 DR20,CNN06
373,14,0.2927715182304382,Modele_Img_Reseau_RGB_personnalise,modele perso RGB max 2500 lr=0.0001 DR20,CNN06
374,15,0.3093897700309753,Modele_Img_Reseau_RGB_personnalise,modele perso RGB max 2500 lr=0.0001 DR20,CNN06
375,16,0.3226253092288971,Modele_Img_Reseau_RGB_personnalise,modele perso RGB max 2500 lr=0.0001 DR20,CNN06
376,17,0.3377678990364074,Modele_Img_Reseau_RGB_personnalise,modele perso RGB max 2500 lr=0.0001 DR20,CNN06
377,18,0.3531374931335449,Modele_Img_Reseau_RGB_personnalise,modele perso RGB max 2500 lr=0.0001 DR20,CNN06
378,19,0.363262802362442,Modele_Img_Reseau_RGB_personnalise,modele perso RGB max 2500 lr=0.0001 DR20,CNN06
379,20,0.3781783580780029,Modele_Img_Reseau_RGB_personnalise,modele perso RGB max 2500 lr=0.0001 DR20,CNN06
380,21,0.3947284817695617,Modele_Img_Reseau_RGB_personnalise,modele perso RGB max 2500 lr=0.0001 DR20,CNN06
381,22,0.4076007902622223,Modele_Img_Reseau_RGB_personnalise,modele perso RGB max 2500 lr=0.0001 DR20,CNN06
382,23,0.4252633452415466,Modele_Img_Reseau_RGB_personnalise,modele perso RGB max 2500 lr=0.0001 DR20,CNN06
383,24,0.4377270340919494,Modele_Img_Reseau_RGB_personnalise,modele perso RGB max 2500 lr=0.0001 DR20,CNN06
384,25,0.4575236141681671,Modele_Img_Reseau_RGB_personnalise,modele perso RGB max 2500 lr=0.0001 DR20,CNN06
385,26,0.4727343022823334,Modele_Img_Reseau_RGB_personnalise,modele perso RGB max 2500 lr=0.0001 DR20,CNN06
386,27,0.4897157549858093,Modele_Img_Reseau_RGB_personnalise,modele perso RGB max 2500 lr=0.0001 DR20,CNN06
387,28,0.503382682800293,Modele_Img_Reseau_RGB_personnalise,modele perso RGB max 2500 lr=0.0001 DR20,CNN06
388,29,0.5136442184448242,Modele_Img_Reseau_RGB_personnalise,modele perso RGB max 2500 lr=0.0001 DR20,CNN06
389,30,0.5281056761741638,Modele_Img_Reseau_RGB_personnalise,modele perso RGB max 2500 lr=0.0001 DR20,CNN06
390,31,0.5423401594161987,Modele_Img_Reseau_RGB_personnalise,modele perso RGB max 2500 lr=0.0001 DR20,CNN06
391,32,0.5537822246551514,Modele_Img_Reseau_RGB_personnalise,modele perso RGB max 2500 lr=0.0001 DR20,CNN06
392,33,0.5639756917953491,Modele_Img_Reseau_RGB_personnalise,modele perso RGB max 2500 lr=0.0001 DR20,CNN06
393,34,0.5741236805915833,Modele_Img_Reseau_RGB_personnalise,modele perso RGB max 2500 lr=0.0001 DR20,CNN06
394,35,0.586837112903595,Modele_Img_Reseau_RGB_personnalise,modele perso RGB max 2500 lr=0.0001 DR20,CNN06
395,36,0.5955094695091248,Modele_Img_Reseau_RGB_personnalise,modele perso RGB max 2500 lr=0.0001 DR20,CNN06
396,37,0.6080866456031799,Modele_Img_Reseau_RGB_personnalise,modele perso RGB max 2500 lr=0.0001 DR20,CNN06
397,38,0.6122639179229736,Modele_Img_Reseau_RGB_personnalise,modele perso RGB max 2500 lr=0.0001 DR20,CNN06
398,39,0.621208667755127,Modele_Img_Reseau_RGB_personnalise,modele perso RGB max 2500 lr=0.0001 DR20,CNN06
399,40,0.6307664513587952,Modele_Img_Reseau_RGB_personnalise,modele perso RGB max 2500 lr=0.0001 DR20,CNN06
400,1,0.0595445074141025,Model_img_reseau_RGB_personnalise_Gener_L1,modele perso RGB max 4000 Generation l1=0.001 DR10,CNN07
401,2,0.0625869259238243,Model_img_reseau_RGB_personnalise_Gener_L1,modele perso RGB max 4000 Generation l1=0.001 DR10,CNN07
402,3,0.0757475644350051,Model_img_reseau_RGB_personnalise_Gener_L1,modele perso RGB max 4000 Generation l1=0.001 DR10,CNN07
403,4,0.1054415851831436,Model_img_reseau_RGB_personnalise_Gener_L1,modele perso RGB max 4000 Generation l1=0.001 DR10,CNN07
404,5,0.1334840059280395,Model_img_reseau_RGB_personnalise_Gener_L1,modele perso RGB max 4000 Generation l1=0.001 DR10,CNN07
405,6,0.1673157215118408,Model_img_reseau_RGB_personnalise_Gener_L1,modele perso RGB max 4000 Generation l1=0.001 DR10,CNN07
406,7,0.1974617540836334,Model_img_reseau_RGB_personnalise_Gener_L1,modele perso RGB max 4000 Generation l1=0.001 DR10,CNN07
407,8,0.2292593866586685,Model_img_reseau_RGB_personnalise_Gener_L1,modele perso RGB max 4000 Generation l1=0.001 DR10,CNN07
408,9,0.2528164088726043,Model_img_reseau_RGB_personnalise_Gener_L1,modele perso RGB max 4000 Generation l1=0.001 DR10,CNN07
409,10,0.275608479976654,Model_img_reseau_RGB_personnalise_Gener_L1,modele perso RGB max 4000 Generation l1=0.001 DR10,CNN07
410,11,0.297983318567276,Model_img_reseau_RGB_personnalise_Gener_L1,modele perso RGB max 4000 Generation l1=0.001 DR10,CNN07
411,12,0.3201842904090881,Model_img_reseau_RGB_personnalise_Gener_L1,modele perso RGB max 4000 Generation l1=0.001 DR10,CNN07
412,13,0.3386822044849396,Model_img_reseau_RGB_personnalise_Gener_L1,modele perso RGB max 4000 Generation l1=0.001 DR10,CNN07
413,14,0.3573192059993744,Model_img_reseau_RGB_personnalise_Gener_L1,modele perso RGB max 4000 Generation l1=0.001 DR10,CNN07
414,15,0.3811369836330414,Model_img_reseau_RGB_personnalise_Gener_L1,modele perso RGB max 4000 Generation l1=0.001 DR10,CNN07
415,16,0.4024513065814972,Model_img_reseau_RGB_personnalise_Gener_L1,modele perso RGB max 4000 Generation l1=0.001 DR10,CNN07
416,17,0.4272600710391998,Model_img_reseau_RGB_personnalise_Gener_L1,modele perso RGB max 4000 Generation l1=0.001 DR10,CNN07
417,18,0.4528685808181762,Model_img_reseau_RGB_personnalise_Gener_L1,modele perso RGB max 4000 Generation l1=0.001 DR10,CNN07
418,19,0.4789116680622101,Model_img_reseau_RGB_personnalise_Gener_L1,modele perso RGB max 4000 Generation l1=0.001 DR10,CNN07
419,20,0.5096140503883362,Model_img_reseau_RGB_personnalise_Gener_L1,modele perso RGB max 4000 Generation l1=0.001 DR10,CNN07
420,21,0.533605694770813,Model_img_reseau_RGB_personnalise_Gener_L1,modele perso RGB max 4000 Generation l1=0.001 DR10,CNN07
421,22,0.5646209716796875,Model_img_reseau_RGB_personnalise_Gener_L1,modele perso RGB max 4000 Generation l1=0.001 DR10,CNN07
422,23,0.5946105718612671,Model_img_reseau_RGB_personnalise_Gener_L1,modele perso RGB max 4000 Generation l1=0.001 DR10,CNN07
423,24,0.6239742636680603,Model_img_reseau_RGB_personnalise_Gener_L1,modele perso RGB max 4000 Generation l1=0.001 DR10,CNN07
424,25,0.6503998637199402,Model_img_reseau_RGB_personnalise_Gener_L1,modele perso RGB max 4000 Generation l1=0.001 DR10,CNN07
425,26,0.6787726283073425,Model_img_reseau_RGB_personnalise_Gener_L1,modele perso RGB max 4000 Generation l1=0.001 DR10,CNN07
426,27,0.7057023644447327,Model_img_reseau_RGB_personnalise_Gener_L1,modele perso RGB max 4000 Generation l1=0.001 DR10,CNN07
427,28,0.7289811968803406,Model_img_reseau_RGB_personnalise_Gener_L1,modele perso RGB max 4000 Generation l1=0.001 DR10,CNN07
428,29,0.748104989528656,Model_img_reseau_RGB_personnalise_Gener_L1,modele perso RGB max 4000 Generation l1=0.001 DR10,CNN07
429,30,0.7707579731941223,Model_img_reseau_RGB_personnalise_Gener_L1,modele perso RGB max 4000 Generation l1=0.001 DR10,CNN07
430,31,0.7846661806106567,Model_img_reseau_RGB_personnalise_Gener_L1,modele perso RGB max 4000 Generation l1=0.001 DR10,CNN07
431,32,0.7969923615455627,Model_img_reseau_RGB_personnalise_Gener_L1,modele perso RGB max 4000 Generation l1=0.001 DR10,CNN07
432,33,0.812534749507904,Model_img_reseau_RGB_personnalise_Gener_L1,modele perso RGB max 4000 Generation l1=0.001 DR10,CNN07
433,34,0.8199408650398254,Model_img_reseau_RGB_personnalise_Gener_L1,modele perso RGB max 4000 Generation l1=0.001 DR10,CNN07
434,35,0.8307892680168152,Model_img_reseau_RGB_personnalise_Gener_L1,modele perso RGB max 4000 Generation l1=0.001 DR10,CNN07
435,36,0.8369958400726318,Model_img_reseau_RGB_personnalise_Gener_L1,modele perso RGB max 4000 Generation l1=0.001 DR10,CNN07
436,37,0.843567430973053,Model_img_reseau_RGB_personnalise_Gener_L1,modele perso RGB max 4000 Generation l1=0.001 DR10,CNN07
437,38,0.849391520023346,Model_img_reseau_RGB_personnalise_Gener_L1,modele perso RGB max 4000 Generation l1=0.001 DR10,CNN07
438,39,0.8482093214988708,Model_img_reseau_RGB_personnalise_Gener_L1,modele perso RGB max 4000 Generation l1=0.001 DR10,CNN07
439,40,0.8506606221199036,Model_img_reseau_RGB_personnalise_Gener_L1,modele perso RGB max 4000 Generation l1=0.001 DR10,CNN07
440,1,0.0643925592303276,Model_img_reseau_RGB_personnalise_Gener_L2,modele perso RGB max 5000 Generation l1=0.01 DR10,CNN08
441,2,0.0822778865694999,Model_img_reseau_RGB_personnalise_Gener_L2,modele perso RGB max 5000 Generation l1=0.01 DR10,CNN08
442,3,0.1003250628709793,Model_img_reseau_RGB_personnalise_Gener_L2,modele perso RGB max 5000 Generation l1=0.01 DR10,CNN08
443,4,0.1300125420093536,Model_img_reseau_RGB_personnalise_Gener_L2,modele perso RGB max 5000 Generation l1=0.01 DR10,CNN08
444,5,0.1680357158184051,Model_img_reseau_RGB_personnalise_Gener_L2,modele perso RGB max 5000 Generation l1=0.01 DR10,CNN08
445,6,0.1963339149951934,Model_img_reseau_RGB_personnalise_Gener_L2,modele perso RGB max 5000 Generation l1=0.01 DR10,CNN08
446,7,0.2213814556598663,Model_img_reseau_RGB_personnalise_Gener_L2,modele perso RGB max 5000 Generation l1=0.01 DR10,CNN08
447,8,0.2465773820877075,Model_img_reseau_RGB_personnalise_Gener_L2,modele perso RGB max 5000 Generation l1=0.01 DR10,CNN08
448,9,0.265137106180191,Model_img_reseau_RGB_personnalise_Gener_L2,modele perso RGB max 5000 Generation l1=0.01 DR10,CNN08
449,10,0.2826852202415466,Model_img_reseau_RGB_personnalise_Gener_L2,modele perso RGB max 5000 Generation l1=0.01 DR10,CNN08
450,11,0.3005975186824798,Model_img_reseau_RGB_personnalise_Gener_L2,modele perso RGB max 5000 Generation l1=0.01 DR10,CNN08
451,12,0.3153805732727051,Model_img_reseau_RGB_personnalise_Gener_L2,modele perso RGB max 5000 Generation l1=0.01 DR10,CNN08
452,13,0.3325375318527221,Model_img_reseau_RGB_personnalise_Gener_L2,modele perso RGB max 5000 Generation l1=0.01 DR10,CNN08
453,14,0.3483456671237945,Model_img_reseau_RGB_personnalise_Gener_L2,modele perso RGB max 5000 Generation l1=0.01 DR10,CNN08
454,15,0.3618878126144409,Model_img_reseau_RGB_personnalise_Gener_L2,modele perso RGB max 5000 Generation l1=0.01 DR10,CNN08
455,16,0.37990802526474,Model_img_reseau_RGB_personnalise_Gener_L2,modele perso RGB max 5000 Generation l1=0.01 DR10,CNN08
456,17,0.3942863941192627,Model_img_reseau_RGB_personnalise_Gener_L2,modele perso RGB max 5000 Generation l1=0.01 DR10,CNN08
457,18,0.4097034037113189,Model_img_reseau_RGB_personnalise_Gener_L2,modele perso RGB max 5000 Generation l1=0.01 DR10,CNN08
458,19,0.4256059527397156,Model_img_reseau_RGB_personnalise_Gener_L2,modele perso RGB max 5000 Generation l1=0.01 DR10,CNN08
459,20,0.4424391984939575,Model_img_reseau_RGB_personnalise_Gener_L2,modele perso RGB max 5000 Generation l1=0.01 DR10,CNN08
460,21,0.4597984850406647,Model_img_reseau_RGB_personnalise_Gener_L2,modele perso RGB max 5000 Generation l1=0.01 DR10,CNN08
461,22,0.4761866331100464,Model_img_reseau_RGB_personnalise_Gener_L2,modele perso RGB max 5000 Generation l1=0.01 DR10,CNN08
462,23,0.4936942756175995,Model_img_reseau_RGB_personnalise_Gener_L2,modele perso RGB max 5000 Generation l1=0.01 DR10,CNN08
463,24,0.5105544924736023,Model_img_reseau_RGB_personnalise_Gener_L2,modele perso RGB max 5000 Generation l1=0.01 DR10,CNN08
464,25,0.5317309498786926,Model_img_reseau_RGB_personnalise_Gener_L2,modele perso RGB max 5000 Generation l1=0.01 DR10,CNN08
465,26,0.5484158396720886,Model_img_reseau_RGB_personnalise_Gener_L2,modele perso RGB max 5000 Generation l1=0.01 DR10,CNN08
466,27,0.5653974413871765,Model_img_reseau_RGB_personnalise_Gener_L2,modele perso RGB max 5000 Generation l1=0.01 DR10,CNN08
467,28,0.5830804109573364,Model_img_reseau_RGB_personnalise_Gener_L2,modele perso RGB max 5000 Generation l1=0.01 DR10,CNN08
468,29,0.6009792685508728,Model_img_reseau_RGB_personnalise_Gener_L2,modele perso RGB max 5000 Generation l1=0.01 DR10,CNN08
469,30,0.6182441115379333,Model_img_reseau_RGB_personnalise_Gener_L2,modele perso RGB max 5000 Generation l1=0.01 DR10,CNN08
470,31,0.6353066563606262,Model_img_reseau_RGB_personnalise_Gener_L2,modele perso RGB max 5000 Generation l1=0.01 DR10,CNN08
471,32,0.6525850296020508,Model_img_reseau_RGB_personnalise_Gener_L2,modele perso RGB max 5000 Generation l1=0.01 DR10,CNN08
472,33,0.6695935726165771,Model_img_reseau_RGB_personnalise_Gener_L2,modele perso RGB max 5000 Generation l1=0.01 DR10,CNN08
473,34,0.685806393623352,Model_img_reseau_RGB_personnalise_Gener_L2,modele perso RGB max 5000 Generation l1=0.01 DR10,CNN08
474,35,0.7004950046539307,Model_img_reseau_RGB_personnalise_Gener_L2,modele perso RGB max 5000 Generation l1=0.01 DR10,CNN08
475,36,0.7170989513397217,Model_img_reseau_RGB_personnalise_Gener_L2,modele perso RGB max 5000 Generation l1=0.01 DR10,CNN08
476,37,0.7293597459793091,Model_img_reseau_RGB_personnalise_Gener_L2,modele perso RGB max 5000 Generation l1=0.01 DR10,CNN08
477,38,0.7417688369750977,Model_img_reseau_RGB_personnalise_Gener_L2,modele perso RGB max 5000 Generation l1=0.01 DR10,CNN08
478,39,0.7567542195320129,Model_img_reseau_RGB_personnalise_Gener_L2,modele perso RGB max 5000 Generation l1=0.01 DR10,CNN08
479,40,0.7687182426452637,Model_img_reseau_RGB_personnalise_Gener_L2,modele perso RGB max 5000 Generation l1=0.01 DR10,CNN08
480,1,0.4447050094604492,Modele_Img_Reseau_RGB_VGG16_aug,VGG16 RGB max4000 adam DR20-20,CNN21
481,2,0.5187956690788269,Modele_Img_Reseau_RGB_VGG16_aug,VGG16 RGB max4000 adam DR20-20,CNN21
482,3,0.546434223651886,Modele_Img_Reseau_RGB_VGG16_aug,VGG16 RGB max4000 adam DR20-20,CNN21
483,4,0.5668588280677795,Modele_Img_Reseau_RGB_VGG16_aug,VGG16 RGB max4000 adam DR20-20,CNN21
484,5,0.5849921107292175,Modele_Img_Reseau_RGB_VGG16_aug,VGG16 RGB max4000 adam DR20-20,CNN21
485,6,0.6018903255462646,Modele_Img_Reseau_RGB_VGG16_aug,VGG16 RGB max4000 adam DR20-20,CNN21
486,7,0.6169089078903198,Modele_Img_Reseau_RGB_VGG16_aug,VGG16 RGB max4000 adam DR20-20,CNN21
487,8,0.6295467615127563,Modele_Img_Reseau_RGB_VGG16_aug,VGG16 RGB max4000 adam DR20-20,CNN21
488,9,0.6436524391174316,Modele_Img_Reseau_RGB_VGG16_aug,VGG16 RGB max4000 adam DR20-20,CNN21
489,10,0.656379759311676,Modele_Img_Reseau_RGB_VGG16_aug,VGG16 RGB max4000 adam DR20-20,CNN21
490,11,0.6646140813827515,Modele_Img_Reseau_RGB_VGG16_aug,VGG16 RGB max4000 adam DR20-20,CNN21
491,12,0.6985357403755188,Modele_Img_Reseau_RGB_VGG16_aug,VGG16 RGB max4000 adam DR20-20,CNN21
492,13,0.7152190804481506,Modele_Img_Reseau_RGB_VGG16_aug,VGG16 RGB max4000 adam DR20-20,CNN21
493,14,0.7261921763420105,Modele_Img_Reseau_RGB_VGG16_aug,VGG16 RGB max4000 adam DR20-20,CNN21
494,15,0.7391343116760254,Modele_Img_Reseau_RGB_VGG16_aug,VGG16 RGB max4000 adam DR20-20,CNN21
495,16,0.7431798577308655,Modele_Img_Reseau_RGB_VGG16_aug,VGG16 RGB max4000 adam DR20-20,CNN21
496,17,0.7743627429008484,Modele_Img_Reseau_RGB_VGG16_aug,VGG16 RGB max4000 adam DR20-20,CNN21
497,18,0.7877345085144043,Modele_Img_Reseau_RGB_VGG16_aug,VGG16 RGB max4000 adam DR20-20,CNN21
498,19,0.7974903583526611,Modele_Img_Reseau_RGB_VGG16_aug,VGG16 RGB max4000 adam DR20-20,CNN21
499,20,0.8047937750816345,Modele_Img_Reseau_RGB_VGG16_aug,VGG16 RGB max4000 adam DR20-20,CNN21
500,21,0.8125626444816589,Modele_Img_Reseau_RGB_VGG16_aug,VGG16 RGB max4000 adam DR20-20,CNN21
501,22,0.8299083709716797,Modele_Img_Reseau_RGB_VGG16_aug,VGG16 RGB max4000 adam DR20-20,CNN21
502,23,0.8401116728782654,Modele_Img_Reseau_RGB_VGG16_aug,VGG16 RGB max4000 adam DR20-20,CNN21
503,24,0.848972499370575,Modele_Img_Reseau_RGB_VGG16_aug,VGG16 RGB max4000 adam DR20-20,CNN21
504,25,0.8521230220794678,Modele_Img_Reseau_RGB_VGG16_aug,VGG16 RGB max4000 adam DR20-20,CNN21
505,26,0.8583345413208008,Modele_Img_Reseau_RGB_VGG16_aug,VGG16 RGB max4000 adam DR20-20,CNN21
506,27,0.8702563643455505,Modele_Img_Reseau_RGB_VGG16_aug,VGG16 RGB max4000 adam DR20-20,CNN21
507,28,0.88003009557724,Modele_Img_Reseau_RGB_VGG16_aug,VGG16 RGB max4000 adam DR20-20,CNN21
508,29,0.8812652230262756,Modele_Img_Reseau_RGB_VGG16_aug,VGG16 RGB max4000 adam DR20-20,CNN21
509,30,0.8855255842208862,Modele_Img_Reseau_RGB_VGG16_aug,VGG16 RGB max4000 adam DR20-20,CNN21
510,31,0.8876557350158691,Modele_Img_Reseau_RGB_VGG16_aug,VGG16 RGB max4000 adam DR20-20,CNN21
511,32,0.8984318971633911,Modele_Img_Reseau_RGB_VGG16_aug,VGG16 RGB max4000 adam DR20-20,CNN21
512,33,0.9026564359664916,Modele_Img_Reseau_RGB_VGG16_aug,VGG16 RGB max4000 adam DR20-20,CNN21
513,34,0.9057711362838744,Modele_Img_Reseau_RGB_VGG16_aug,VGG16 RGB max4000 adam DR20-20,CNN21
514,35,0.9085994362831116,Modele_Img_Reseau_RGB_VGG16_aug,VGG16 RGB max4000 adam DR20-20,CNN21
515,36,0.9093334078788756,Modele_Img_Reseau_RGB_VGG16_aug,VGG16 RGB max4000 adam DR20-20,CNN21
516,37,0.915222704410553,Modele_Img_Reseau_RGB_VGG16_aug,VGG16 RGB max4000 adam DR20-20,CNN21
517,38,0.9200558662414552,Modele_Img_Reseau_RGB_VGG16_aug,VGG16 RGB max4000 adam DR20-20,CNN21
518,39,0.9209866523742676,Modele_Img_Reseau_RGB_VGG16_aug,VGG16 RGB max4000 adam DR20-20,CNN21
519,40,0.9247637391090392,Modele_Img_Reseau_RGB_VGG16_aug,VGG16 RGB max4000 adam DR20-20,CNN21
520,1,0.3156028687953949,Model_Img_Reseau_RGB_VGG16_V01,VGG16 Adam 4000-2000 SIZE400 DeFreeze  DR40-CC1024-DR40-CC1024,CNN23
521,2,0.4436777532100677,Model_Img_Reseau_RGB_VGG16_V01,VGG16 Adam 4000-2000 SIZE400 DeFreeze  DR40-CC1024-DR40-CC1024,CNN23
522,3,0.4869806170463562,Model_Img_Reseau_RGB_VGG16_V01,VGG16 Adam 4000-2000 SIZE400 DeFreeze  DR40-CC1024-DR40-CC1024,CNN23
523,4,0.5175561308860779,Model_Img_Reseau_RGB_VGG16_V01,VGG16 Adam 4000-2000 SIZE400 DeFreeze  DR40-CC1024-DR40-CC1024,CNN23
524,5,0.5454829335212708,Model_Img_Reseau_RGB_VGG16_V01,VGG16 Adam 4000-2000 SIZE400 DeFreeze  DR40-CC1024-DR40-CC1024,CNN23
525,6,0.5657081604003906,Model_Img_Reseau_RGB_VGG16_V01,VGG16 Adam 4000-2000 SIZE400 DeFreeze  DR40-CC1024-DR40-CC1024,CNN23
526,7,0.5804457664489746,Model_Img_Reseau_RGB_VGG16_V01,VGG16 Adam 4000-2000 SIZE400 DeFreeze  DR40-CC1024-DR40-CC1024,CNN23
527,8,0.5996115207672119,Model_Img_Reseau_RGB_VGG16_V01,VGG16 Adam 4000-2000 SIZE400 DeFreeze  DR40-CC1024-DR40-CC1024,CNN23
528,9,0.6129093170166016,Model_Img_Reseau_RGB_VGG16_V01,VGG16 Adam 4000-2000 SIZE400 DeFreeze  DR40-CC1024-DR40-CC1024,CNN23
529,10,0.6277013421058655,Model_Img_Reseau_RGB_VGG16_V01,VGG16 Adam 4000-2000 SIZE400 DeFreeze  DR40-CC1024-DR40-CC1024,CNN23
530,11,0.6417869925498962,Model_Img_Reseau_RGB_VGG16_V01,VGG16 Adam 4000-2000 SIZE400 DeFreeze  DR40-CC1024-DR40-CC1024,CNN23
531,12,0.6523681879043579,Model_Img_Reseau_RGB_VGG16_V01,VGG16 Adam 4000-2000 SIZE400 DeFreeze  DR40-CC1024-DR40-CC1024,CNN23
532,13,0.6650547981262207,Model_Img_Reseau_RGB_VGG16_V01,VGG16 Adam 4000-2000 SIZE400 DeFreeze  DR40-CC1024-DR40-CC1024,CNN23
533,14,0.6743320226669312,Model_Img_Reseau_RGB_VGG16_V01,VGG16 Adam 4000-2000 SIZE400 DeFreeze  DR40-CC1024-DR40-CC1024,CNN23
534,15,0.6879286766052246,Model_Img_Reseau_RGB_VGG16_V01,VGG16 Adam 4000-2000 SIZE400 DeFreeze  DR40-CC1024-DR40-CC1024,CNN23
535,16,0.6958884000778198,Model_Img_Reseau_RGB_VGG16_V01,VGG16 Adam 4000-2000 SIZE400 DeFreeze  DR40-CC1024-DR40-CC1024,CNN23
536,17,0.7054373025894165,Model_Img_Reseau_RGB_VGG16_V01,VGG16 Adam 4000-2000 SIZE400 DeFreeze  DR40-CC1024-DR40-CC1024,CNN23
537,18,0.7124733328819275,Model_Img_Reseau_RGB_VGG16_V01,VGG16 Adam 4000-2000 SIZE400 DeFreeze  DR40-CC1024-DR40-CC1024,CNN23
538,19,0.7221037149429321,Model_Img_Reseau_RGB_VGG16_V01,VGG16 Adam 4000-2000 SIZE400 DeFreeze  DR40-CC1024-DR40-CC1024,CNN23
539,20,0.7304573059082031,Model_Img_Reseau_RGB_VGG16_V01,VGG16 Adam 4000-2000 SIZE400 DeFreeze  DR40-CC1024-DR40-CC1024,CNN23
540,21,0.7445293664932251,Model_Img_Reseau_RGB_VGG16_V01,VGG16 Adam 4000-2000 SIZE400 DeFreeze  DR40-CC1024-DR40-CC1024,CNN23
541,22,0.7529780864715576,Model_Img_Reseau_RGB_VGG16_V01,VGG16 Adam 4000-2000 SIZE400 DeFreeze  DR40-CC1024-DR40-CC1024,CNN23
542,23,0.7580174207687378,Model_Img_Reseau_RGB_VGG16_V01,VGG16 Adam 4000-2000 SIZE400 DeFreeze  DR40-CC1024-DR40-CC1024,CNN23
543,24,0.7655559778213501,Model_Img_Reseau_RGB_VGG16_V01,VGG16 Adam 4000-2000 SIZE400 DeFreeze  DR40-CC1024-DR40-CC1024,CNN23
544,25,0.7718992829322815,Model_Img_Reseau_RGB_VGG16_V01,VGG16 Adam 4000-2000 SIZE400 DeFreeze  DR40-CC1024-DR40-CC1024,CNN23
545,26,0.7758655548095703,Model_Img_Reseau_RGB_VGG16_V01,VGG16 Adam 4000-2000 SIZE400 DeFreeze  DR40-CC1024-DR40-CC1024,CNN23
546,27,0.7768843173980713,Model_Img_Reseau_RGB_VGG16_V01,VGG16 Adam 4000-2000 SIZE400 DeFreeze  DR40-CC1024-DR40-CC1024,CNN23
547,28,0.7796416282653809,Model_Img_Reseau_RGB_VGG16_V01,VGG16 Adam 4000-2000 SIZE400 DeFreeze  DR40-CC1024-DR40-CC1024,CNN23
548,29,0.7852379083633423,Model_Img_Reseau_RGB_VGG16_V01,VGG16 Adam 4000-2000 SIZE400 DeFreeze  DR40-CC1024-DR40-CC1024,CNN23
549,30,0.7882940769195557,Model_Img_Reseau_RGB_VGG16_V01,VGG16 Adam 4000-2000 SIZE400 DeFreeze  DR40-CC1024-DR40-CC1024,CNN23
550,31,0.7868678569793701,Model_Img_Reseau_RGB_VGG16_V01,VGG16 Adam 4000-2000 SIZE400 DeFreeze  DR40-CC1024-DR40-CC1024,CNN23
551,32,0.7877779006958008,Model_Img_Reseau_RGB_VGG16_V01,VGG16 Adam 4000-2000 SIZE400 DeFreeze  DR40-CC1024-DR40-CC1024,CNN23
552,33,0.7904809713363647,Model_Img_Reseau_RGB_VGG16_V01,VGG16 Adam 4000-2000 SIZE400 DeFreeze  DR40-CC1024-DR40-CC1024,CNN23
553,34,0.7923282384872437,Model_Img_Reseau_RGB_VGG16_V01,VGG16 Adam 4000-2000 SIZE400 DeFreeze  DR40-CC1024-DR40-CC1024,CNN23
554,35,0.792667806148529,Model_Img_Reseau_RGB_VGG16_V01,VGG16 Adam 4000-2000 SIZE400 DeFreeze  DR40-CC1024-DR40-CC1024,CNN23
555,36,0.79236900806427,Model_Img_Reseau_RGB_VGG16_V01,VGG16 Adam 4000-2000 SIZE400 DeFreeze  DR40-CC1024-DR40-CC1024,CNN23
556,37,0.7946509718894958,Model_Img_Reseau_RGB_VGG16_V01,VGG16 Adam 4000-2000 SIZE400 DeFreeze  DR40-CC1024-DR40-CC1024,CNN23
557,38,0.7960636019706726,Model_Img_Reseau_RGB_VGG16_V01,VGG16 Adam 4000-2000 SIZE400 DeFreeze  DR40-CC1024-DR40-CC1024,CNN23
558,39,0.7946102023124695,Model_Img_Reseau_RGB_VGG16_V01,VGG16 Adam 4000-2000 SIZE400 DeFreeze  DR40-CC1024-DR40-CC1024,CNN23
559,40,0.7959685325622559,Model_Img_Reseau_RGB_VGG16_V01,VGG16 Adam 4000-2000 SIZE400 DeFreeze  DR40-CC1024-DR40-CC1024,CNN23
560,1,0.4019097685813904,Model_Img_Reseau_RGB_EfficientNetB1_V01,EfficientNetB1 Adam 4000-2000 SIZE400 DeFreeze  DR40-CC1024-NORM-CC1024-DR40,CNN22
561,2,0.5051954984664917,Model_Img_Reseau_RGB_EfficientNetB1_V01,EfficientNetB1 Adam 4000-2000 SIZE400 DeFreeze  DR40-CC1024-NORM-CC1024-DR40,CNN22
562,3,0.5462843179702759,Model_Img_Reseau_RGB_EfficientNetB1_V01,EfficientNetB1 Adam 4000-2000 SIZE400 DeFreeze  DR40-CC1024-NORM-CC1024-DR40,CNN22
563,4,0.5693483948707581,Model_Img_Reseau_RGB_EfficientNetB1_V01,EfficientNetB1 Adam 4000-2000 SIZE400 DeFreeze  DR40-CC1024-NORM-CC1024-DR40,CNN22
564,5,0.5896958708763123,Model_Img_Reseau_RGB_EfficientNetB1_V01,EfficientNetB1 Adam 4000-2000 SIZE400 DeFreeze  DR40-CC1024-NORM-CC1024-DR40,CNN22
565,6,0.6057103276252747,Model_Img_Reseau_RGB_EfficientNetB1_V01,EfficientNetB1 Adam 4000-2000 SIZE400 DeFreeze  DR40-CC1024-NORM-CC1024-DR40,CNN22
566,7,0.6199589371681213,Model_Img_Reseau_RGB_EfficientNetB1_V01,EfficientNetB1 Adam 4000-2000 SIZE400 DeFreeze  DR40-CC1024-NORM-CC1024-DR40,CNN22
567,8,0.6331209540367126,Model_Img_Reseau_RGB_EfficientNetB1_V01,EfficientNetB1 Adam 4000-2000 SIZE400 DeFreeze  DR40-CC1024-NORM-CC1024-DR40,CNN22
568,9,0.6440417766571045,Model_Img_Reseau_RGB_EfficientNetB1_V01,EfficientNetB1 Adam 4000-2000 SIZE400 DeFreeze  DR40-CC1024-NORM-CC1024-DR40,CNN22
569,10,0.655872642993927,Model_Img_Reseau_RGB_EfficientNetB1_V01,EfficientNetB1 Adam 4000-2000 SIZE400 DeFreeze  DR40-CC1024-NORM-CC1024-DR40,CNN22
570,11,0.664810299873352,Model_Img_Reseau_RGB_EfficientNetB1_V01,EfficientNetB1 Adam 4000-2000 SIZE400 DeFreeze  DR40-CC1024-NORM-CC1024-DR40,CNN22
571,12,0.674264132976532,Model_Img_Reseau_RGB_EfficientNetB1_V01,EfficientNetB1 Adam 4000-2000 SIZE400 DeFreeze  DR40-CC1024-NORM-CC1024-DR40,CNN22
572,13,0.6811099648475647,Model_Img_Reseau_RGB_EfficientNetB1_V01,EfficientNetB1 Adam 4000-2000 SIZE400 DeFreeze  DR40-CC1024-NORM-CC1024-DR40,CNN22
573,14,0.6883497834205627,Model_Img_Reseau_RGB_EfficientNetB1_V01,EfficientNetB1 Adam 4000-2000 SIZE400 DeFreeze  DR40-CC1024-NORM-CC1024-DR40,CNN22
574,15,0.6947881579399109,Model_Img_Reseau_RGB_EfficientNetB1_V01,EfficientNetB1 Adam 4000-2000 SIZE400 DeFreeze  DR40-CC1024-NORM-CC1024-DR40,CNN22
575,16,0.7034813165664673,Model_Img_Reseau_RGB_EfficientNetB1_V01,EfficientNetB1 Adam 4000-2000 SIZE400 DeFreeze  DR40-CC1024-NORM-CC1024-DR40,CNN22
576,17,0.7094986438751221,Model_Img_Reseau_RGB_EfficientNetB1_V01,EfficientNetB1 Adam 4000-2000 SIZE400 DeFreeze  DR40-CC1024-NORM-CC1024-DR40,CNN22
577,18,0.7157875895500183,Model_Img_Reseau_RGB_EfficientNetB1_V01,EfficientNetB1 Adam 4000-2000 SIZE400 DeFreeze  DR40-CC1024-NORM-CC1024-DR40,CNN22
578,19,0.7227421402931213,Model_Img_Reseau_RGB_EfficientNetB1_V01,EfficientNetB1 Adam 4000-2000 SIZE400 DeFreeze  DR40-CC1024-NORM-CC1024-DR40,CNN22
579,20,0.7288409471511841,Model_Img_Reseau_RGB_EfficientNetB1_V01,EfficientNetB1 Adam 4000-2000 SIZE400 DeFreeze  DR40-CC1024-NORM-CC1024-DR40,CNN22
580,21,0.7401420474052429,Model_Img_Reseau_RGB_EfficientNetB1_V01,EfficientNetB1 Adam 4000-2000 SIZE400 DeFreeze  DR40-CC1024-NORM-CC1024-DR40,CNN22
581,22,0.7475584149360657,Model_Img_Reseau_RGB_EfficientNetB1_V01,EfficientNetB1 Adam 4000-2000 SIZE400 DeFreeze  DR40-CC1024-NORM-CC1024-DR40,CNN22
582,23,0.7537930607795715,Model_Img_Reseau_RGB_EfficientNetB1_V01,EfficientNetB1 Adam 4000-2000 SIZE400 DeFreeze  DR40-CC1024-NORM-CC1024-DR40,CNN22
583,24,0.7561565041542053,Model_Img_Reseau_RGB_EfficientNetB1_V01,EfficientNetB1 Adam 4000-2000 SIZE400 DeFreeze  DR40-CC1024-NORM-CC1024-DR40,CNN22
584,25,0.7585743069648743,Model_Img_Reseau_RGB_EfficientNetB1_V01,EfficientNetB1 Adam 4000-2000 SIZE400 DeFreeze  DR40-CC1024-NORM-CC1024-DR40,CNN22
585,26,0.7623911499977112,Model_Img_Reseau_RGB_EfficientNetB1_V01,EfficientNetB1 Adam 4000-2000 SIZE400 DeFreeze  DR40-CC1024-NORM-CC1024-DR40,CNN22
586,27,0.7711114883422852,Model_Img_Reseau_RGB_EfficientNetB1_V01,EfficientNetB1 Adam 4000-2000 SIZE400 DeFreeze  DR40-CC1024-NORM-CC1024-DR40,CNN22
587,28,0.7733119130134583,Model_Img_Reseau_RGB_EfficientNetB1_V01,EfficientNetB1 Adam 4000-2000 SIZE400 DeFreeze  DR40-CC1024-NORM-CC1024-DR40,CNN22
588,29,0.778663694858551,Model_Img_Reseau_RGB_EfficientNetB1_V01,EfficientNetB1 Adam 4000-2000 SIZE400 DeFreeze  DR40-CC1024-NORM-CC1024-DR40,CNN22
589,30,0.7778622508049011,Model_Img_Reseau_RGB_EfficientNetB1_V01,EfficientNetB1 Adam 4000-2000 SIZE400 DeFreeze  DR40-CC1024-NORM-CC1024-DR40,CNN22
590,31,0.7787995338439941,Model_Img_Reseau_RGB_EfficientNetB1_V01,EfficientNetB1 Adam 4000-2000 SIZE400 DeFreeze  DR40-CC1024-NORM-CC1024-DR40,CNN22
591,32,0.7827250361442566,Model_Img_Reseau_RGB_EfficientNetB1_V01,EfficientNetB1 Adam 4000-2000 SIZE400 DeFreeze  DR40-CC1024-NORM-CC1024-DR40,CNN22
592,33,0.7856046557426453,Model_Img_Reseau_RGB_EfficientNetB1_V01,EfficientNetB1 Adam 4000-2000 SIZE400 DeFreeze  DR40-CC1024-NORM-CC1024-DR40,CNN22
593,34,0.7865418791770935,Model_Img_Reseau_RGB_EfficientNetB1_V01,EfficientNetB1 Adam 4000-2000 SIZE400 DeFreeze  DR40-CC1024-NORM-CC1024-DR40,CNN22
594,35,0.7886744141578674,Model_Img_Reseau_RGB_EfficientNetB1_V01,EfficientNetB1 Adam 4000-2000 SIZE400 DeFreeze  DR40-CC1024-NORM-CC1024-DR40,CNN22
595,36,0.7897067070007324,Model_Img_Reseau_RGB_EfficientNetB1_V01,EfficientNetB1 Adam 4000-2000 SIZE400 DeFreeze  DR40-CC1024-NORM-CC1024-DR40,CNN22
596,37,0.7922331690788269,Model_Img_Reseau_RGB_EfficientNetB1_V01,EfficientNetB1 Adam 4000-2000 SIZE400 DeFreeze  DR40-CC1024-NORM-CC1024-DR40,CNN22
597,38,0.79236900806427,Model_Img_Reseau_RGB_EfficientNetB1_V01,EfficientNetB1 Adam 4000-2000 SIZE400 DeFreeze  DR40-CC1024-NORM-CC1024-DR40,CNN22
598,39,0.7946509718894958,Model_Img_Reseau_RGB_EfficientNetB1_V01,EfficientNetB1 Adam 4000-2000 SIZE400 DeFreeze  DR40-CC1024-NORM-CC1024-DR40,CNN22
599,40,0.7989432215690613,Model_Img_Reseau_RGB_EfficientNetB1_V01,EfficientNetB1 Adam 4000-2000 SIZE400 DeFreeze  DR40-CC1024-NORM-CC1024-DR40,CNN22
600,1,0.3316037356853485,Model_Img_Reseau_RGB_RESNET50_V01,RESNET50 Adam 4000-2000 SIZE400 DeFreeze  DR40-CC1024-DR40-CC1024,CNN24
601,2,0.4424281120300293,Model_Img_Reseau_RGB_RESNET50_V01,RESNET50 Adam 4000-2000 SIZE400 DeFreeze  DR40-CC1024-DR40-CC1024,CNN24
602,3,0.4818462133407593,Model_Img_Reseau_RGB_RESNET50_V01,RESNET50 Adam 4000-2000 SIZE400 DeFreeze  DR40-CC1024-DR40-CC1024,CNN24
603,4,0.5104385614395142,Model_Img_Reseau_RGB_RESNET50_V01,RESNET50 Adam 4000-2000 SIZE400 DeFreeze  DR40-CC1024-DR40-CC1024,CNN24
604,5,0.5320764183998108,Model_Img_Reseau_RGB_RESNET50_V01,RESNET50 Adam 4000-2000 SIZE400 DeFreeze  DR40-CC1024-DR40-CC1024,CNN24
605,6,0.5512964725494385,Model_Img_Reseau_RGB_RESNET50_V01,RESNET50 Adam 4000-2000 SIZE400 DeFreeze  DR40-CC1024-DR40-CC1024,CNN24
606,7,0.5668762922286987,Model_Img_Reseau_RGB_RESNET50_V01,RESNET50 Adam 4000-2000 SIZE400 DeFreeze  DR40-CC1024-DR40-CC1024,CNN24
607,8,0.5813694596290588,Model_Img_Reseau_RGB_RESNET50_V01,RESNET50 Adam 4000-2000 SIZE400 DeFreeze  DR40-CC1024-DR40-CC1024,CNN24
608,9,0.5942054390907288,Model_Img_Reseau_RGB_RESNET50_V01,RESNET50 Adam 4000-2000 SIZE400 DeFreeze  DR40-CC1024-DR40-CC1024,CNN24
609,10,0.6044334769248962,Model_Img_Reseau_RGB_RESNET50_V01,RESNET50 Adam 4000-2000 SIZE400 DeFreeze  DR40-CC1024-DR40-CC1024,CNN24
610,11,0.6156530976295471,Model_Img_Reseau_RGB_RESNET50_V01,RESNET50 Adam 4000-2000 SIZE400 DeFreeze  DR40-CC1024-DR40-CC1024,CNN24
611,12,0.6249575614929199,Model_Img_Reseau_RGB_RESNET50_V01,RESNET50 Adam 4000-2000 SIZE400 DeFreeze  DR40-CC1024-DR40-CC1024,CNN24
612,13,0.6361092329025269,Model_Img_Reseau_RGB_RESNET50_V01,RESNET50 Adam 4000-2000 SIZE400 DeFreeze  DR40-CC1024-DR40-CC1024,CNN24
613,14,0.6409584283828735,Model_Img_Reseau_RGB_RESNET50_V01,RESNET50 Adam 4000-2000 SIZE400 DeFreeze  DR40-CC1024-DR40-CC1024,CNN24
614,15,0.6512272357940674,Model_Img_Reseau_RGB_RESNET50_V01,RESNET50 Adam 4000-2000 SIZE400 DeFreeze  DR40-CC1024-DR40-CC1024,CNN24
615,16,0.6583855152130127,Model_Img_Reseau_RGB_RESNET50_V01,RESNET50 Adam 4000-2000 SIZE400 DeFreeze  DR40-CC1024-DR40-CC1024,CNN24
616,17,0.6660599112510681,Model_Img_Reseau_RGB_RESNET50_V01,RESNET50 Adam 4000-2000 SIZE400 DeFreeze  DR40-CC1024-DR40-CC1024,CNN24
617,18,0.6835277676582336,Model_Img_Reseau_RGB_RESNET50_V01,RESNET50 Adam 4000-2000 SIZE400 DeFreeze  DR40-CC1024-DR40-CC1024,CNN24
618,19,0.6909305453300476,Model_Img_Reseau_RGB_RESNET50_V01,RESNET50 Adam 4000-2000 SIZE400 DeFreeze  DR40-CC1024-DR40-CC1024,CNN24
619,20,0.6963909268379211,Model_Img_Reseau_RGB_RESNET50_V01,RESNET50 Adam 4000-2000 SIZE400 DeFreeze  DR40-CC1024-DR40-CC1024,CNN24
620,21,0.7012673020362854,Model_Img_Reseau_RGB_RESNET50_V01,RESNET50 Adam 4000-2000 SIZE400 DeFreeze  DR40-CC1024-DR40-CC1024,CNN24
621,22,0.7038480639457703,Model_Img_Reseau_RGB_RESNET50_V01,RESNET50 Adam 4000-2000 SIZE400 DeFreeze  DR40-CC1024-DR40-CC1024,CNN24
622,23,0.7096751928329468,Model_Img_Reseau_RGB_RESNET50_V01,RESNET50 Adam 4000-2000 SIZE400 DeFreeze  DR40-CC1024-DR40-CC1024,CNN24
623,24,0.7138451933860779,Model_Img_Reseau_RGB_RESNET50_V01,RESNET50 Adam 4000-2000 SIZE400 DeFreeze  DR40-CC1024-DR40-CC1024,CNN24
624,25,0.7200798392295837,Model_Img_Reseau_RGB_RESNET50_V01,RESNET50 Adam 4000-2000 SIZE400 DeFreeze  DR40-CC1024-DR40-CC1024,CNN24
625,26,0.7211121916770935,Model_Img_Reseau_RGB_RESNET50_V01,RESNET50 Adam 4000-2000 SIZE400 DeFreeze  DR40-CC1024-DR40-CC1024,CNN24
626,27,0.7282975912094116,Model_Img_Reseau_RGB_RESNET50_V01,RESNET50 Adam 4000-2000 SIZE400 DeFreeze  DR40-CC1024-DR40-CC1024,CNN24
627,28,0.7336629033088684,Model_Img_Reseau_RGB_RESNET50_V01,RESNET50 Adam 4000-2000 SIZE400 DeFreeze  DR40-CC1024-DR40-CC1024,CNN24
628,29,0.7359312772750854,Model_Img_Reseau_RGB_RESNET50_V01,RESNET50 Adam 4000-2000 SIZE400 DeFreeze  DR40-CC1024-DR40-CC1024,CNN24
629,30,0.7387022376060486,Model_Img_Reseau_RGB_RESNET50_V01,RESNET50 Adam 4000-2000 SIZE400 DeFreeze  DR40-CC1024-DR40-CC1024,CNN24
630,31,0.7431575059890747,Model_Img_Reseau_RGB_RESNET50_V01,RESNET50 Adam 4000-2000 SIZE400 DeFreeze  DR40-CC1024-DR40-CC1024,CNN24
631,32,0.7460235357284546,Model_Img_Reseau_RGB_RESNET50_V01,RESNET50 Adam 4000-2000 SIZE400 DeFreeze  DR40-CC1024-DR40-CC1024,CNN24
632,33,0.7494328618049622,Model_Img_Reseau_RGB_RESNET50_V01,RESNET50 Adam 4000-2000 SIZE400 DeFreeze  DR40-CC1024-DR40-CC1024,CNN24
633,34,0.7498131990432739,Model_Img_Reseau_RGB_RESNET50_V01,RESNET50 Adam 4000-2000 SIZE400 DeFreeze  DR40-CC1024-DR40-CC1024,CNN24
634,35,0.7494600415229797,Model_Img_Reseau_RGB_RESNET50_V01,RESNET50 Adam 4000-2000 SIZE400 DeFreeze  DR40-CC1024-DR40-CC1024,CNN24
635,36,0.7534263134002686,Model_Img_Reseau_RGB_RESNET50_V01,RESNET50 Adam 4000-2000 SIZE400 DeFreeze  DR40-CC1024-DR40-CC1024,CNN24
636,37,0.7538473606109619,Model_Img_Reseau_RGB_RESNET50_V01,RESNET50 Adam 4000-2000 SIZE400 DeFreeze  DR40-CC1024-DR40-CC1024,CNN24
637,38,0.7558033466339111,Model_Img_Reseau_RGB_RESNET50_V01,RESNET50 Adam 4000-2000 SIZE400 DeFreeze  DR40-CC1024-DR40-CC1024,CNN24
638,39,0.7587237358093262,Model_Img_Reseau_RGB_RESNET50_V01,RESNET50 Adam 4000-2000 SIZE400 DeFreeze  DR40-CC1024-DR40-CC1024,CNN24
639,40,0.7570394277572632,Model_Img_Reseau_RGB_RESNET50_V01,RESNET50 Adam 4000-2000 SIZE400 DeFreeze  DR40-CC1024-DR40-CC1024,CNN24
640,1,0.2966680526733398,Model_Img_Reseau_RGB_VGG16_V01,VGG16 Adam 4000-2000 SIZE400 DeFreeze  DR50-CC1024-NORM-CC1024-40,CNN10
641,2,0.4297686815261841,Model_Img_Reseau_RGB_VGG16_V01,VGG16 Adam 4000-2000 SIZE400 DeFreeze  DR50-CC1024-NORM-CC1024-40,CNN10
642,3,0.4742668271064758,Model_Img_Reseau_RGB_VGG16_V01,VGG16 Adam 4000-2000 SIZE400 DeFreeze  DR50-CC1024-NORM-CC1024-40,CNN10
643,4,0.5064587593078613,Model_Img_Reseau_RGB_VGG16_V01,VGG16 Adam 4000-2000 SIZE400 DeFreeze  DR50-CC1024-NORM-CC1024-40,CNN10
644,5,0.5292239785194397,Model_Img_Reseau_RGB_VGG16_V01,VGG16 Adam 4000-2000 SIZE400 DeFreeze  DR50-CC1024-NORM-CC1024-40,CNN10
645,6,0.550739586353302,Model_Img_Reseau_RGB_VGG16_V01,VGG16 Adam 4000-2000 SIZE400 DeFreeze  DR50-CC1024-NORM-CC1024-40,CNN10
646,7,0.5695793032646179,Model_Img_Reseau_RGB_VGG16_V01,VGG16 Adam 4000-2000 SIZE400 DeFreeze  DR50-CC1024-NORM-CC1024-40,CNN10
647,8,0.5862185955047607,Model_Img_Reseau_RGB_VGG16_V01,VGG16 Adam 4000-2000 SIZE400 DeFreeze  DR50-CC1024-NORM-CC1024-40,CNN10
648,9,0.5983346700668335,Model_Img_Reseau_RGB_VGG16_V01,VGG16 Adam 4000-2000 SIZE400 DeFreeze  DR50-CC1024-NORM-CC1024-40,CNN10
649,10,0.6144985556602478,Model_Img_Reseau_RGB_VGG16_V01,VGG16 Adam 4000-2000 SIZE400 DeFreeze  DR50-CC1024-NORM-CC1024-40,CNN10
650,11,0.6249439716339111,Model_Img_Reseau_RGB_VGG16_V01,VGG16 Adam 4000-2000 SIZE400 DeFreeze  DR50-CC1024-NORM-CC1024-40,CNN10
651,12,0.636897087097168,Model_Img_Reseau_RGB_VGG16_V01,VGG16 Adam 4000-2000 SIZE400 DeFreeze  DR50-CC1024-NORM-CC1024-40,CNN10
652,13,0.6485241651535034,Model_Img_Reseau_RGB_VGG16_V01,VGG16 Adam 4000-2000 SIZE400 DeFreeze  DR50-CC1024-NORM-CC1024-40,CNN10
653,14,0.6572988629341125,Model_Img_Reseau_RGB_VGG16_V01,VGG16 Adam 4000-2000 SIZE400 DeFreeze  DR50-CC1024-NORM-CC1024-40,CNN10
654,15,0.6696051359176636,Model_Img_Reseau_RGB_VGG16_V01,VGG16 Adam 4000-2000 SIZE400 DeFreeze  DR50-CC1024-NORM-CC1024-40,CNN10
655,16,0.6769263744354248,Model_Img_Reseau_RGB_VGG16_V01,VGG16 Adam 4000-2000 SIZE400 DeFreeze  DR50-CC1024-NORM-CC1024-40,CNN10
656,17,0.6862443685531616,Model_Img_Reseau_RGB_VGG16_V01,VGG16 Adam 4000-2000 SIZE400 DeFreeze  DR50-CC1024-NORM-CC1024-40,CNN10
657,18,0.6938645243644714,Model_Img_Reseau_RGB_VGG16_V01,VGG16 Adam 4000-2000 SIZE400 DeFreeze  DR50-CC1024-NORM-CC1024-40,CNN10
658,19,0.7013623714447021,Model_Img_Reseau_RGB_VGG16_V01,VGG16 Adam 4000-2000 SIZE400 DeFreeze  DR50-CC1024-NORM-CC1024-40,CNN10
659,20,0.7121201753616333,Model_Img_Reseau_RGB_VGG16_V01,VGG16 Adam 4000-2000 SIZE400 DeFreeze  DR50-CC1024-NORM-CC1024-40,CNN10
660,21,0.7260020971298218,Model_Img_Reseau_RGB_VGG16_V01,VGG16 Adam 4000-2000 SIZE400 DeFreeze  DR50-CC1024-NORM-CC1024-40,CNN10
661,22,0.7299683094024658,Model_Img_Reseau_RGB_VGG16_V01,VGG16 Adam 4000-2000 SIZE400 DeFreeze  DR50-CC1024-NORM-CC1024-40,CNN10
662,23,0.7398160696029663,Model_Img_Reseau_RGB_VGG16_V01,VGG16 Adam 4000-2000 SIZE400 DeFreeze  DR50-CC1024-NORM-CC1024-40,CNN10
663,24,0.7438774108886719,Model_Img_Reseau_RGB_VGG16_V01,VGG16 Adam 4000-2000 SIZE400 DeFreeze  DR50-CC1024-NORM-CC1024-40,CNN10
664,25,0.7454258799552917,Model_Img_Reseau_RGB_VGG16_V01,VGG16 Adam 4000-2000 SIZE400 DeFreeze  DR50-CC1024-NORM-CC1024-40,CNN10
665,26,0.7539153099060059,Model_Img_Reseau_RGB_VGG16_V01,VGG16 Adam 4000-2000 SIZE400 DeFreeze  DR50-CC1024-NORM-CC1024-40,CNN10
666,27,0.7564960718154907,Model_Img_Reseau_RGB_VGG16_V01,VGG16 Adam 4000-2000 SIZE400 DeFreeze  DR50-CC1024-NORM-CC1024-40,CNN10
667,28,0.7588866949081421,Model_Img_Reseau_RGB_VGG16_V01,VGG16 Adam 4000-2000 SIZE400 DeFreeze  DR50-CC1024-NORM-CC1024-40,CNN10
668,29,0.7610464096069336,Model_Img_Reseau_RGB_VGG16_V01,VGG16 Adam 4000-2000 SIZE400 DeFreeze  DR50-CC1024-NORM-CC1024-40,CNN10
669,30,0.7672674655914307,Model_Img_Reseau_RGB_VGG16_V01,VGG16 Adam 4000-2000 SIZE400 DeFreeze  DR50-CC1024-NORM-CC1024-40,CNN10
670,31,0.7675391435623169,Model_Img_Reseau_RGB_VGG16_V01,VGG16 Adam 4000-2000 SIZE400 DeFreeze  DR50-CC1024-NORM-CC1024-40,CNN10
671,32,0.7707175612449646,Model_Img_Reseau_RGB_VGG16_V01,VGG16 Adam 4000-2000 SIZE400 DeFreeze  DR50-CC1024-NORM-CC1024-40,CNN10
672,33,0.7715461254119873,Model_Img_Reseau_RGB_VGG16_V01,VGG16 Adam 4000-2000 SIZE400 DeFreeze  DR50-CC1024-NORM-CC1024-40,CNN10
673,34,0.7738552689552307,Model_Img_Reseau_RGB_VGG16_V01,VGG16 Adam 4000-2000 SIZE400 DeFreeze  DR50-CC1024-NORM-CC1024-40,CNN10
674,35,0.7745479941368103,Model_Img_Reseau_RGB_VGG16_V01,VGG16 Adam 4000-2000 SIZE400 DeFreeze  DR50-CC1024-NORM-CC1024-40,CNN10
675,36,0.7748196721076965,Model_Img_Reseau_RGB_VGG16_V01,VGG16 Adam 4000-2000 SIZE400 DeFreeze  DR50-CC1024-NORM-CC1024-40,CNN10
676,37,0.7741405367851257,Model_Img_Reseau_RGB_VGG16_V01,VGG16 Adam 4000-2000 SIZE400 DeFreeze  DR50-CC1024-NORM-CC1024-40,CNN10
677,38,0.7736651301383972,Model_Img_Reseau_RGB_VGG16_V01,VGG16 Adam 4000-2000 SIZE400 DeFreeze  DR50-CC1024-NORM-CC1024-40,CNN10
678,39,0.7765990495681763,Model_Img_Reseau_RGB_VGG16_V01,VGG16 Adam 4000-2000 SIZE400 DeFreeze  DR50-CC1024-NORM-CC1024-40,CNN10
679,40,0.7767212986946106,Model_Img_Reseau_RGB_VGG16_V01,VGG16 Adam 4000-2000 SIZE400 DeFreeze  DR50-CC1024-NORM-CC1024-40,CNN10
680,1,0.4119386970996856,Model_Img_Reseau_EfficientNetB1_V01,EfficientNetB1 Adam 4000-2000 SIZE400 DeFreeze DR50-CC1024-NORM-CC1024-DR40-BATCH16,CNN01
681,2,0.5110352635383606,Model_Img_Reseau_EfficientNetB1_V01,EfficientNetB1 Adam 4000-2000 SIZE400 DeFreeze DR50-CC1024-NORM-CC1024-DR40-BATCH16,CNN01
682,3,0.5502107739448547,Model_Img_Reseau_EfficientNetB1_V01,EfficientNetB1 Adam 4000-2000 SIZE400 DeFreeze DR50-CC1024-NORM-CC1024-DR40-BATCH16,CNN01
683,4,0.5744361877441406,Model_Img_Reseau_EfficientNetB1_V01,EfficientNetB1 Adam 4000-2000 SIZE400 DeFreeze DR50-CC1024-NORM-CC1024-DR40-BATCH16,CNN01
684,5,0.5927591323852539,Model_Img_Reseau_EfficientNetB1_V01,EfficientNetB1 Adam 4000-2000 SIZE400 DeFreeze DR50-CC1024-NORM-CC1024-DR40-BATCH16,CNN01
685,6,0.6095027923583984,Model_Img_Reseau_EfficientNetB1_V01,EfficientNetB1 Adam 4000-2000 SIZE400 DeFreeze DR50-CC1024-NORM-CC1024-DR40-BATCH16,CNN01
686,7,0.6236632466316223,Model_Img_Reseau_EfficientNetB1_V01,EfficientNetB1 Adam 4000-2000 SIZE400 DeFreeze DR50-CC1024-NORM-CC1024-DR40-BATCH16,CNN01
687,8,0.6350264549255371,Model_Img_Reseau_EfficientNetB1_V01,EfficientNetB1 Adam 4000-2000 SIZE400 DeFreeze DR50-CC1024-NORM-CC1024-DR40-BATCH16,CNN01
688,9,0.6462022066116333,Model_Img_Reseau_EfficientNetB1_V01,EfficientNetB1 Adam 4000-2000 SIZE400 DeFreeze DR50-CC1024-NORM-CC1024-DR40-BATCH16,CNN01
689,10,0.6556246876716614,Model_Img_Reseau_EfficientNetB1_V01,EfficientNetB1 Adam 4000-2000 SIZE400 DeFreeze DR50-CC1024-NORM-CC1024-DR40-BATCH16,CNN01
690,11,0.6674295663833618,Model_Img_Reseau_EfficientNetB1_V01,EfficientNetB1 Adam 4000-2000 SIZE400 DeFreeze DR50-CC1024-NORM-CC1024-DR40-BATCH16,CNN01
691,12,0.6724352240562439,Model_Img_Reseau_EfficientNetB1_V01,EfficientNetB1 Adam 4000-2000 SIZE400 DeFreeze DR50-CC1024-NORM-CC1024-DR40-BATCH16,CNN01
692,13,0.6814026832580566,Model_Img_Reseau_EfficientNetB1_V01,EfficientNetB1 Adam 4000-2000 SIZE400 DeFreeze DR50-CC1024-NORM-CC1024-DR40-BATCH16,CNN01
693,14,0.6899685263633728,Model_Img_Reseau_EfficientNetB1_V01,EfficientNetB1 Adam 4000-2000 SIZE400 DeFreeze DR50-CC1024-NORM-CC1024-DR40-BATCH16,CNN01
694,15,0.696807861328125,Model_Img_Reseau_EfficientNetB1_V01,EfficientNetB1 Adam 4000-2000 SIZE400 DeFreeze DR50-CC1024-NORM-CC1024-DR40-BATCH16,CNN01
695,16,0.703901469707489,Model_Img_Reseau_EfficientNetB1_V01,EfficientNetB1 Adam 4000-2000 SIZE400 DeFreeze DR50-CC1024-NORM-CC1024-DR40-BATCH16,CNN01
696,17,0.7120926380157471,Model_Img_Reseau_EfficientNetB1_V01,EfficientNetB1 Adam 4000-2000 SIZE400 DeFreeze DR50-CC1024-NORM-CC1024-DR40-BATCH16,CNN01
697,18,0.7172187566757202,Model_Img_Reseau_EfficientNetB1_V01,EfficientNetB1 Adam 4000-2000 SIZE400 DeFreeze DR50-CC1024-NORM-CC1024-DR40-BATCH16,CNN01
698,19,0.7223984599113464,Model_Img_Reseau_EfficientNetB1_V01,EfficientNetB1 Adam 4000-2000 SIZE400 DeFreeze DR50-CC1024-NORM-CC1024-DR40-BATCH16,CNN01
699,20,0.7302951216697693,Model_Img_Reseau_EfficientNetB1_V01,EfficientNetB1 Adam 4000-2000 SIZE400 DeFreeze DR50-CC1024-NORM-CC1024-DR40-BATCH16,CNN01
700,21,0.7330522537231445,Model_Img_Reseau_EfficientNetB1_V01,EfficientNetB1 Adam 4000-2000 SIZE400 DeFreeze DR50-CC1024-NORM-CC1024-DR40-BATCH16,CNN01
701,22,0.7480425834655762,Model_Img_Reseau_EfficientNetB1_V01,EfficientNetB1 Adam 4000-2000 SIZE400 DeFreeze DR50-CC1024-NORM-CC1024-DR40-BATCH16,CNN01
702,23,0.754560649394989,Model_Img_Reseau_EfficientNetB1_V01,EfficientNetB1 Adam 4000-2000 SIZE400 DeFreeze DR50-CC1024-NORM-CC1024-DR40-BATCH16,CNN01
703,24,0.7585357427597046,Model_Img_Reseau_EfficientNetB1_V01,EfficientNetB1 Adam 4000-2000 SIZE400 DeFreeze DR50-CC1024-NORM-CC1024-DR40-BATCH16,CNN01
704,25,0.7620424032211304,Model_Img_Reseau_EfficientNetB1_V01,EfficientNetB1 Adam 4000-2000 SIZE400 DeFreeze DR50-CC1024-NORM-CC1024-DR40-BATCH16,CNN01
705,26,0.7699123024940491,Model_Img_Reseau_EfficientNetB1_V01,EfficientNetB1 Adam 4000-2000 SIZE400 DeFreeze DR50-CC1024-NORM-CC1024-DR40-BATCH16,CNN01
706,27,0.7724018096923828,Model_Img_Reseau_EfficientNetB1_V01,EfficientNetB1 Adam 4000-2000 SIZE400 DeFreeze DR50-CC1024-NORM-CC1024-DR40-BATCH16,CNN01
707,28,0.7747440338134766,Model_Img_Reseau_EfficientNetB1_V01,EfficientNetB1 Adam 4000-2000 SIZE400 DeFreeze DR50-CC1024-NORM-CC1024-DR40-BATCH16,CNN01
708,29,0.7777286767959595,Model_Img_Reseau_EfficientNetB1_V01,EfficientNetB1 Adam 4000-2000 SIZE400 DeFreeze DR50-CC1024-NORM-CC1024-DR40-BATCH16,CNN01
709,30,0.7834303379058838,Model_Img_Reseau_EfficientNetB1_V01,EfficientNetB1 Adam 4000-2000 SIZE400 DeFreeze DR50-CC1024-NORM-CC1024-DR40-BATCH16,CNN01
710,31,0.7866960763931274,Model_Img_Reseau_EfficientNetB1_V01,EfficientNetB1 Adam 4000-2000 SIZE400 DeFreeze DR50-CC1024-NORM-CC1024-DR40-BATCH16,CNN01
711,32,0.7917152047157288,Model_Img_Reseau_EfficientNetB1_V01,EfficientNetB1 Adam 4000-2000 SIZE400 DeFreeze DR50-CC1024-NORM-CC1024-DR40-BATCH16,CNN01
712,33,0.7937897443771362,Model_Img_Reseau_EfficientNetB1_V01,EfficientNetB1 Adam 4000-2000 SIZE400 DeFreeze DR50-CC1024-NORM-CC1024-DR40-BATCH16,CNN01
713,34,0.7969751358032227,Model_Img_Reseau_EfficientNetB1_V01,EfficientNetB1 Adam 4000-2000 SIZE400 DeFreeze DR50-CC1024-NORM-CC1024-DR40-BATCH16,CNN01
714,35,0.7981529831886292,Model_Img_Reseau_EfficientNetB1_V01,EfficientNetB1 Adam 4000-2000 SIZE400 DeFreeze DR50-CC1024-NORM-CC1024-DR40-BATCH16,CNN01
715,36,0.8042293787002563,Model_Img_Reseau_EfficientNetB1_V01,EfficientNetB1 Adam 4000-2000 SIZE400 DeFreeze DR50-CC1024-NORM-CC1024-DR40-BATCH16,CNN01
716,37,0.8037475943565369,Model_Img_Reseau_EfficientNetB1_V01,EfficientNetB1 Adam 4000-2000 SIZE400 DeFreeze DR50-CC1024-NORM-CC1024-DR40-BATCH16,CNN01
717,38,0.8027704954147339,Model_Img_Reseau_EfficientNetB1_V01,EfficientNetB1 Adam 4000-2000 SIZE400 DeFreeze DR50-CC1024-NORM-CC1024-DR40-BATCH16,CNN01
718,39,0.8091012239456177,Model_Img_Reseau_EfficientNetB1_V01,EfficientNetB1 Adam 4000-2000 SIZE400 DeFreeze DR50-CC1024-NORM-CC1024-DR40-BATCH16,CNN01
719,40,0.8082312941551208,Model_Img_Reseau_EfficientNetB1_V01,EfficientNetB1 Adam 4000-2000 SIZE400 DeFreeze DR50-CC1024-NORM-CC1024-DR40-BATCH16,CNN01
720,1,0.4058890342712402,Model_Img_Reseau_RGB_EfficientNetB1_V02,EfficientNetB1 Adam 4000-2000 SIZE400 DeFreeze  POOL-DR40-CC1024-NORM-CC1024-DR40- BATCH16,CNN02
721,2,0.4837850332260132,Model_Img_Reseau_RGB_EfficientNetB1_V02,EfficientNetB1 Adam 4000-2000 SIZE400 DeFreeze  POOL-DR40-CC1024-NORM-CC1024-DR40- BATCH16,CNN02
722,3,0.5151442289352417,Model_Img_Reseau_RGB_EfficientNetB1_V02,EfficientNetB1 Adam 4000-2000 SIZE400 DeFreeze  POOL-DR40-CC1024-NORM-CC1024-DR40- BATCH16,CNN02
723,4,0.5348858833312988,Model_Img_Reseau_RGB_EfficientNetB1_V02,EfficientNetB1 Adam 4000-2000 SIZE400 DeFreeze  POOL-DR40-CC1024-NORM-CC1024-DR40- BATCH16,CNN02
724,5,0.5532088279724121,Model_Img_Reseau_RGB_EfficientNetB1_V02,EfficientNetB1 Adam 4000-2000 SIZE400 DeFreeze  POOL-DR40-CC1024-NORM-CC1024-DR40- BATCH16,CNN02
725,6,0.5675835013389587,Model_Img_Reseau_RGB_EfficientNetB1_V02,EfficientNetB1 Adam 4000-2000 SIZE400 DeFreeze  POOL-DR40-CC1024-NORM-CC1024-DR40- BATCH16,CNN02
726,7,0.5798701643943787,Model_Img_Reseau_RGB_EfficientNetB1_V02,EfficientNetB1 Adam 4000-2000 SIZE400 DeFreeze  POOL-DR40-CC1024-NORM-CC1024-DR40- BATCH16,CNN02
727,8,0.5886769890785217,Model_Img_Reseau_RGB_EfficientNetB1_V02,EfficientNetB1 Adam 4000-2000 SIZE400 DeFreeze  POOL-DR40-CC1024-NORM-CC1024-DR40- BATCH16,CNN02
728,9,0.6016596555709839,Model_Img_Reseau_RGB_EfficientNetB1_V02,EfficientNetB1 Adam 4000-2000 SIZE400 DeFreeze  POOL-DR40-CC1024-NORM-CC1024-DR40- BATCH16,CNN02
729,10,0.6078832745552063,Model_Img_Reseau_RGB_EfficientNetB1_V02,EfficientNetB1 Adam 4000-2000 SIZE400 DeFreeze  POOL-DR40-CC1024-NORM-CC1024-DR40- BATCH16,CNN02
730,11,0.6146556735038757,Model_Img_Reseau_RGB_EfficientNetB1_V02,EfficientNetB1 Adam 4000-2000 SIZE400 DeFreeze  POOL-DR40-CC1024-NORM-CC1024-DR40- BATCH16,CNN02
731,12,0.6222177743911743,Model_Img_Reseau_RGB_EfficientNetB1_V02,EfficientNetB1 Adam 4000-2000 SIZE400 DeFreeze  POOL-DR40-CC1024-NORM-CC1024-DR40- BATCH16,CNN02
732,13,0.6279595494270325,Model_Img_Reseau_RGB_EfficientNetB1_V02,EfficientNetB1 Adam 4000-2000 SIZE400 DeFreeze  POOL-DR40-CC1024-NORM-CC1024-DR40- BATCH16,CNN02
733,14,0.6320417523384094,Model_Img_Reseau_RGB_EfficientNetB1_V02,EfficientNetB1 Adam 4000-2000 SIZE400 DeFreeze  POOL-DR40-CC1024-NORM-CC1024-DR40- BATCH16,CNN02
734,15,0.6383724808692932,Model_Img_Reseau_RGB_EfficientNetB1_V02,EfficientNetB1 Adam 4000-2000 SIZE400 DeFreeze  POOL-DR40-CC1024-NORM-CC1024-DR40- BATCH16,CNN02
735,16,0.6424412727355957,Model_Img_Reseau_RGB_EfficientNetB1_V02,EfficientNetB1 Adam 4000-2000 SIZE400 DeFreeze  POOL-DR40-CC1024-NORM-CC1024-DR40- BATCH16,CNN02
736,17,0.6479822993278503,Model_Img_Reseau_RGB_EfficientNetB1_V02,EfficientNetB1 Adam 4000-2000 SIZE400 DeFreeze  POOL-DR40-CC1024-NORM-CC1024-DR40- BATCH16,CNN02
737,18,0.66180819272995,Model_Img_Reseau_RGB_EfficientNetB1_V02,EfficientNetB1 Adam 4000-2000 SIZE400 DeFreeze  POOL-DR40-CC1024-NORM-CC1024-DR40- BATCH16,CNN02
738,19,0.6687813401222229,Model_Img_Reseau_RGB_EfficientNetB1_V02,EfficientNetB1 Adam 4000-2000 SIZE400 DeFreeze  POOL-DR40-CC1024-NORM-CC1024-DR40- BATCH16,CNN02
739,20,0.6718865036964417,Model_Img_Reseau_RGB_EfficientNetB1_V02,EfficientNetB1 Adam 4000-2000 SIZE400 DeFreeze  POOL-DR40-CC1024-NORM-CC1024-DR40- BATCH16,CNN02
740,21,0.6737602949142456,Model_Img_Reseau_RGB_EfficientNetB1_V02,EfficientNetB1 Adam 4000-2000 SIZE400 DeFreeze  POOL-DR40-CC1024-NORM-CC1024-DR40- BATCH16,CNN02
741,22,0.679702877998352,Model_Img_Reseau_RGB_EfficientNetB1_V02,EfficientNetB1 Adam 4000-2000 SIZE400 DeFreeze  POOL-DR40-CC1024-NORM-CC1024-DR40- BATCH16,CNN02
742,23,0.6819246411323547,Model_Img_Reseau_RGB_EfficientNetB1_V02,EfficientNetB1 Adam 4000-2000 SIZE400 DeFreeze  POOL-DR40-CC1024-NORM-CC1024-DR40- BATCH16,CNN02
743,24,0.6845077872276306,Model_Img_Reseau_RGB_EfficientNetB1_V02,EfficientNetB1 Adam 4000-2000 SIZE400 DeFreeze  POOL-DR40-CC1024-NORM-CC1024-DR40- BATCH16,CNN02
744,25,0.6936224102973938,Model_Img_Reseau_RGB_EfficientNetB1_V02,EfficientNetB1 Adam 4000-2000 SIZE400 DeFreeze  POOL-DR40-CC1024-NORM-CC1024-DR40- BATCH16,CNN02
745,26,0.6954025030136108,Model_Img_Reseau_RGB_EfficientNetB1_V02,EfficientNetB1 Adam 4000-2000 SIZE400 DeFreeze  POOL-DR40-CC1024-NORM-CC1024-DR40- BATCH16,CNN02
746,27,0.6960985064506531,Model_Img_Reseau_RGB_EfficientNetB1_V02,EfficientNetB1 Adam 4000-2000 SIZE400 DeFreeze  POOL-DR40-CC1024-NORM-CC1024-DR40- BATCH16,CNN02
747,28,0.6986548900604248,Model_Img_Reseau_RGB_EfficientNetB1_V02,EfficientNetB1 Adam 4000-2000 SIZE400 DeFreeze  POOL-DR40-CC1024-NORM-CC1024-DR40- BATCH16,CNN02
748,29,0.701010525226593,Model_Img_Reseau_RGB_EfficientNetB1_V02,EfficientNetB1 Adam 4000-2000 SIZE400 DeFreeze  POOL-DR40-CC1024-NORM-CC1024-DR40- BATCH16,CNN02
749,30,0.703901469707489,Model_Img_Reseau_RGB_EfficientNetB1_V02,EfficientNetB1 Adam 4000-2000 SIZE400 DeFreeze  POOL-DR40-CC1024-NORM-CC1024-DR40- BATCH16,CNN02
750,31,0.7062169313430786,Model_Img_Reseau_RGB_EfficientNetB1_V02,EfficientNetB1 Adam 4000-2000 SIZE400 DeFreeze  POOL-DR40-CC1024-NORM-CC1024-DR40- BATCH16,CNN02
751,32,0.7053470015525818,Model_Img_Reseau_RGB_EfficientNetB1_V02,EfficientNetB1 Adam 4000-2000 SIZE400 DeFreeze  POOL-DR40-CC1024-NORM-CC1024-DR40- BATCH16,CNN02
752,33,0.7088536620140076,Model_Img_Reseau_RGB_EfficientNetB1_V02,EfficientNetB1 Adam 4000-2000 SIZE400 DeFreeze  POOL-DR40-CC1024-NORM-CC1024-DR40- BATCH16,CNN02
753,34,0.7091079354286194,Model_Img_Reseau_RGB_EfficientNetB1_V02,EfficientNetB1 Adam 4000-2000 SIZE400 DeFreeze  POOL-DR40-CC1024-NORM-CC1024-DR40- BATCH16,CNN02
754,35,0.7082915306091309,Model_Img_Reseau_RGB_EfficientNetB1_V02,EfficientNetB1 Adam 4000-2000 SIZE400 DeFreeze  POOL-DR40-CC1024-NORM-CC1024-DR40- BATCH16,CNN02
755,36,0.710593581199646,Model_Img_Reseau_RGB_EfficientNetB1_V02,EfficientNetB1 Adam 4000-2000 SIZE400 DeFreeze  POOL-DR40-CC1024-NORM-CC1024-DR40- BATCH16,CNN02
756,37,0.7099645137786865,Model_Img_Reseau_RGB_EfficientNetB1_V02,EfficientNetB1 Adam 4000-2000 SIZE400 DeFreeze  POOL-DR40-CC1024-NORM-CC1024-DR40- BATCH16,CNN02
757,38,0.7118517160415649,Model_Img_Reseau_RGB_EfficientNetB1_V02,EfficientNetB1 Adam 4000-2000 SIZE400 DeFreeze  POOL-DR40-CC1024-NORM-CC1024-DR40- BATCH16,CNN02
758,39,0.7117847800254822,Model_Img_Reseau_RGB_EfficientNetB1_V02,EfficientNetB1 Adam 4000-2000 SIZE400 DeFreeze  POOL-DR40-CC1024-NORM-CC1024-DR40- BATCH16,CNN02
759,40,0.7118918299674988,Model_Img_Reseau_RGB_EfficientNetB1_V02,EfficientNetB1 Adam 4000-2000 SIZE400 DeFreeze  POOL-DR40-CC1024-NORM-CC1024-DR40- BATCH16,CNN02
0,1,0.36698117852211,Model_Img_Reseau_RGB_RESNET50_V01,RESNET50 Adam 4000-2000 SIZE400 DeFreeze  DR40-CC1024-CC1024-DR40,CNN20
1,2,0.4516362249851227,Model_Img_Reseau_RGB_RESNET50_V01,RESNET50 Adam 4000-2000 SIZE400 DeFreeze  DR40-CC1024-CC1024-DR40,CNN20
2,3,0.4832496643066406,Model_Img_Reseau_RGB_RESNET50_V01,RESNET50 Adam 4000-2000 SIZE400 DeFreeze  DR40-CC1024-CC1024-DR40,CNN20
3,4,0.5045974850654602,Model_Img_Reseau_RGB_RESNET50_V01,RESNET50 Adam 4000-2000 SIZE400 DeFreeze  DR40-CC1024-CC1024-DR40,CNN20
4,5,0.5230542421340942,Model_Img_Reseau_RGB_RESNET50_V01,RESNET50 Adam 4000-2000 SIZE400 DeFreeze  DR40-CC1024-CC1024-DR40,CNN20
5,6,0.5389814376831055,Model_Img_Reseau_RGB_RESNET50_V01,RESNET50 Adam 4000-2000 SIZE400 DeFreeze  DR40-CC1024-CC1024-DR40,CNN20
6,7,0.5480961203575134,Model_Img_Reseau_RGB_RESNET50_V01,RESNET50 Adam 4000-2000 SIZE400 DeFreeze  DR40-CC1024-CC1024-DR40,CNN20
7,8,0.5630863904953003,Model_Img_Reseau_RGB_RESNET50_V01,RESNET50 Adam 4000-2000 SIZE400 DeFreeze  DR40-CC1024-CC1024-DR40,CNN20
8,9,0.5713578462600708,Model_Img_Reseau_RGB_RESNET50_V01,RESNET50 Adam 4000-2000 SIZE400 DeFreeze  DR40-CC1024-CC1024-DR40,CNN20
9,10,0.5807669162750244,Model_Img_Reseau_RGB_RESNET50_V01,RESNET50 Adam 4000-2000 SIZE400 DeFreeze  DR40-CC1024-CC1024-DR40,CNN20
10,11,0.5909522771835327,Model_Img_Reseau_RGB_RESNET50_V01,RESNET50 Adam 4000-2000 SIZE400 DeFreeze  DR40-CC1024-CC1024-DR40,CNN20
11,12,0.5992504954338074,Model_Img_Reseau_RGB_RESNET50_V01,RESNET50 Adam 4000-2000 SIZE400 DeFreeze  DR40-CC1024-CC1024-DR40,CNN20
12,13,0.6058756709098816,Model_Img_Reseau_RGB_RESNET50_V01,RESNET50 Adam 4000-2000 SIZE400 DeFreeze  DR40-CC1024-CC1024-DR40,CNN20
13,14,0.6121796369552612,Model_Img_Reseau_RGB_RESNET50_V01,RESNET50 Adam 4000-2000 SIZE400 DeFreeze  DR40-CC1024-CC1024-DR40,CNN20
14,15,0.6204777956008911,Model_Img_Reseau_RGB_RESNET50_V01,RESNET50 Adam 4000-2000 SIZE400 DeFreeze  DR40-CC1024-CC1024-DR40,CNN20
15,16,0.6237569451332092,Model_Img_Reseau_RGB_RESNET50_V01,RESNET50 Adam 4000-2000 SIZE400 DeFreeze  DR40-CC1024-CC1024-DR40,CNN20
16,17,0.6332731246948242,Model_Img_Reseau_RGB_RESNET50_V01,RESNET50 Adam 4000-2000 SIZE400 DeFreeze  DR40-CC1024-CC1024-DR40,CNN20
17,18,0.6354681253433228,Model_Img_Reseau_RGB_RESNET50_V01,RESNET50 Adam 4000-2000 SIZE400 DeFreeze  DR40-CC1024-CC1024-DR40,CNN20
18,19,0.6412768363952637,Model_Img_Reseau_RGB_RESNET50_V01,RESNET50 Adam 4000-2000 SIZE400 DeFreeze  DR40-CC1024-CC1024-DR40,CNN20
19,20,0.6488255262374878,Model_Img_Reseau_RGB_RESNET50_V01,RESNET50 Adam 4000-2000 SIZE400 DeFreeze  DR40-CC1024-CC1024-DR40,CNN20
20,21,0.650016725063324,Model_Img_Reseau_RGB_RESNET50_V01,RESNET50 Adam 4000-2000 SIZE400 DeFreeze  DR40-CC1024-CC1024-DR40,CNN20
21,22,0.6547815203666687,Model_Img_Reseau_RGB_RESNET50_V01,RESNET50 Adam 4000-2000 SIZE400 DeFreeze  DR40-CC1024-CC1024-DR40,CNN20
22,23,0.6594525575637817,Model_Img_Reseau_RGB_RESNET50_V01,RESNET50 Adam 4000-2000 SIZE400 DeFreeze  DR40-CC1024-CC1024-DR40,CNN20
23,24,0.6784982681274414,Model_Img_Reseau_RGB_RESNET50_V01,RESNET50 Adam 4000-2000 SIZE400 DeFreeze  DR40-CC1024-CC1024-DR40,CNN20
24,25,0.6819380521774292,Model_Img_Reseau_RGB_RESNET50_V01,RESNET50 Adam 4000-2000 SIZE400 DeFreeze  DR40-CC1024-CC1024-DR40,CNN20
25,26,0.6871578693389893,Model_Img_Reseau_RGB_RESNET50_V01,RESNET50 Adam 4000-2000 SIZE400 DeFreeze  DR40-CC1024-CC1024-DR40,CNN20
26,27,0.6882955431938171,Model_Img_Reseau_RGB_RESNET50_V01,RESNET50 Adam 4000-2000 SIZE400 DeFreeze  DR40-CC1024-CC1024-DR40,CNN20
27,28,0.6983336806297302,Model_Img_Reseau_RGB_RESNET50_V01,RESNET50 Adam 4000-2000 SIZE400 DeFreeze  DR40-CC1024-CC1024-DR40,CNN20
28,29,0.6997122168540955,Model_Img_Reseau_RGB_RESNET50_V01,RESNET50 Adam 4000-2000 SIZE400 DeFreeze  DR40-CC1024-CC1024-DR40,CNN20
29,30,0.7021080255508423,Model_Img_Reseau_RGB_RESNET50_V01,RESNET50 Adam 4000-2000 SIZE400 DeFreeze  DR40-CC1024-CC1024-DR40,CNN20
30,31,0.7035534977912903,Model_Img_Reseau_RGB_RESNET50_V01,RESNET50 Adam 4000-2000 SIZE400 DeFreeze  DR40-CC1024-CC1024-DR40,CNN20
31,32,0.707434892654419,Model_Img_Reseau_RGB_RESNET50_V01,RESNET50 Adam 4000-2000 SIZE400 DeFreeze  DR40-CC1024-CC1024-DR40,CNN20
32,33,0.7088937759399414,Model_Img_Reseau_RGB_RESNET50_V01,RESNET50 Adam 4000-2000 SIZE400 DeFreeze  DR40-CC1024-CC1024-DR40,CNN20
33,34,0.7143813371658325,Model_Img_Reseau_RGB_RESNET50_V01,RESNET50 Adam 4000-2000 SIZE400 DeFreeze  DR40-CC1024-CC1024-DR40,CNN20
34,35,0.7126681208610535,Model_Img_Reseau_RGB_RESNET50_V01,RESNET50 Adam 4000-2000 SIZE400 DeFreeze  DR40-CC1024-CC1024-DR40,CNN20
35,36,0.7143144011497498,Model_Img_Reseau_RGB_RESNET50_V01,RESNET50 Adam 4000-2000 SIZE400 DeFreeze  DR40-CC1024-CC1024-DR40,CNN20
36,37,0.7159472703933716,Model_Img_Reseau_RGB_RESNET50_V01,RESNET50 Adam 4000-2000 SIZE400 DeFreeze  DR40-CC1024-CC1024-DR40,CNN20
37,38,0.7174596786499023,Model_Img_Reseau_RGB_RESNET50_V01,RESNET50 Adam 4000-2000 SIZE400 DeFreeze  DR40-CC1024-CC1024-DR40,CNN20
38,39,0.7203372716903687,Model_Img_Reseau_RGB_RESNET50_V01,RESNET50 Adam 4000-2000 SIZE400 DeFreeze  DR40-CC1024-CC1024-DR40,CNN20
39,40,0.7199223637580872,Model_Img_Reseau_RGB_RESNET50_V01,RESNET50 Adam 4000-2000 SIZE400 DeFreeze  DR40-CC1024-CC1024-DR40,CNN20
